symbol,cap_tier,cap_source,adv_cr,dlv_adv_cr,dlv_cover
ABB,LARGE,nse_index,168.8,71.23,
ADANIENSOL,LARGE,nse_index,430.8,253.25,
ADANIENT,LARGE,nse_index,477.3,232.09,
ADANIGREEN,LARGE,nse_index,194.9,72.16,
ADANIPORTS,LARGE,nse_index,397.7,234.78,
ADANIPOWER,LARGE,nse_index,377.4,156.03,
AMBUJACEM,LARGE,nse_index,90.9,46.12,
APOLLOHOSP,LARGE,nse_index,309.5,183.75,
ASIANPAINT,LARGE,nse_index,200.4,107.09,
DMART,LARGE,nse_index,195.2,104.44,
AXISBANK,LARGE,nse_index,638.7,405.17,
BAJAJ-AUTO,LARGE,nse_index,275.6,153.49,
BAJFINANCE,LARGE,nse_index,738.0,460.45,
BAJAJFINSV,LARGE,nse_index,190.0,106.65,
BAJAJHLDNG,LARGE,nse_index,49.1,28.15,
BANKBARODA,LARGE,nse_index,179.2,96.05,
BEL,LARGE,nse_index,457.9,264.4,
BPCL,LARGE,nse_index,150.8,84.87,
BHARTIARTL,LARGE,nse_index,1196.7,820.14,
BOSCHLTD,LARGE,nse_index,172.8,71.51,
BRITANNIA,LARGE,nse_index,160.0,87.74,
CGPOWER,LARGE,nse_index,238.6,107.52,
CANBK,LARGE,nse_index,177.6,84.03,
CHOLAFIN,LARGE,nse_index,257.2,147.19,
CIPLA,LARGE,nse_index,130.6,72.8,
COALINDIA,LARGE,nse_index,370.5,221.32,
CUMMINSIND,LARGE,nse_index,232.2,138.13,
DLF,LARGE,nse_index,232.8,119.37,
DIVISLAB,LARGE,nse_index,461.6,270.76,
DRREDDY,LARGE,nse_index,199.3,111.59,
EICHERMOT,LARGE,nse_index,345.3,199.69,
ETERNAL,LARGE,nse_index,961.1,600.62,
GAIL,LARGE,nse_index,157.8,91.72,
GODREJCP,LARGE,nse_index,171.2,93.09,
GRASIM,LARGE,nse_index,309.7,178.82,
HCLTECH,LARGE,nse_index,312.2,162.29,
HDFCAMC,LARGE,nse_index,180.6,112.85,
HDFCBANK,LARGE,nse_index,2089.2,1290.05,
HDFCLIFE,LARGE,nse_index,215.3,119.31,
HINDALCO,LARGE,nse_index,413.9,225.96,
HAL,LARGE,nse_index,456.1,210.54,
HINDUNILVR,LARGE,nse_index,312.7,186.04,
HINDZINC,LARGE,nse_index,335.4,140.94,
HYUNDAI,LARGE,nse_index,169.9,78.8,
ICICIBANK,LARGE,nse_index,1354.2,827.68,
ITC,LARGE,nse_index,370.6,208.42,
INDHOTEL,LARGE,nse_index,160.1,101.52,
IOC,LARGE,nse_index,111.2,61.1,
IRFC,LARGE,nse_index,65.0,25.78,
INFY,LARGE,nse_index,1117.3,630.82,
INDIGO,LARGE,nse_index,289.4,152.8,
JSWSTEEL,LARGE,nse_index,200.2,113.06,
JINDALSTEL,LARGE,nse_index,89.9,39.94,
JIOFIN,LARGE,nse_index,357.9,165.4,
KOTAKBANK,LARGE,nse_index,483.6,329.67,
LTM,LARGE,nse_index,202.8,77.34,
LT,LARGE,nse_index,594.7,342.99,
LODHA,LARGE,nse_index,242.5,112.12,
M&M,LARGE,nse_index,698.7,425.42,
MARUTI,LARGE,nse_index,502.3,277.51,
MAXHEALTH,LARGE,nse_index,198.0,110.24,
MAZDOCK,LARGE,nse_index,193.2,61.97,
MUTHOOTFIN,LARGE,nse_index,304.2,138.81,
NTPC,LARGE,nse_index,282.5,170.84,
NESTLEIND,LARGE,nse_index,244.0,151.17,
ONGC,LARGE,nse_index,268.1,153.93,
PIDILITIND,LARGE,nse_index,138.2,81.31,
PFC,LARGE,nse_index,323.9,205.3,
POWERGRID,LARGE,nse_index,247.4,149.69,
PNB,LARGE,nse_index,151.6,71.22,
RECLTD,LARGE,nse_index,198.3,116.02,
RELIANCE,LARGE,nse_index,1460.7,913.17,
SBILIFE,LARGE,nse_index,173.5,108.31,
MOTHERSON,LARGE,nse_index,258.7,123.15,
SHREECEM,LARGE,nse_index,80.6,47.08,
SHRIRAMFIN,LARGE,nse_index,455.3,278.2,
ENRIN,LARGE,nse_index,197.3,72.61,
SIEMENS,LARGE,nse_index,143.1,55.2,
SOLARINDS,LARGE,nse_index,390.4,136.47,
SBIN,LARGE,nse_index,937.8,509.25,
SUNPHARMA,LARGE,nse_index,350.3,226.06,
TVSMOTOR,LARGE,nse_index,421.5,251.32,
TATACAP,LARGE,nse_index,63.6,30.55,
TCS,LARGE,nse_index,732.2,365.67,
TATACONSUM,LARGE,nse_index,132.2,80.09,
TMCV,LARGE,nse_index,354.8,183.54,
TMPV,LARGE,nse_index,308.8,149.61,
TATAPOWER,LARGE,nse_index,164.0,79.44,
TATASTEEL,LARGE,nse_index,479.6,248.16,
TECHM,LARGE,nse_index,374.7,224.11,
TITAN,LARGE,nse_index,374.0,208.69,
TORNTPHARM,LARGE,nse_index,205.3,129.0,
TRENT,LARGE,nse_index,250.5,119.53,
ULTRACEMCO,LARGE,nse_index,294.9,177.14,
UNIONBANK,LARGE,nse_index,174.2,84.83,
UNITDSPR,LARGE,nse_index,111.1,72.47,
VBL,LARGE,nse_index,293.3,157.7,
VEDL,LARGE,nse_index,284.2,138.85,
WIPRO,LARGE,nse_index,255.3,145.79,
ZYDUSLIFE,LARGE,nse_index,178.4,85.95,
360ONE,MID,nse_index,105.6,56.05,
3MINDIA,MID,nse_index,15.3,6.2,
ACC,MID,nse_index,20.6,10.6,
AIAENG,MID,nse_index,25.0,14.36,
APLAPOLLO,MID,nse_index,145.2,76.48,
AUBANK,MID,nse_index,156.2,87.72,
AWL,MID,nse_index,57.2,26.69,
ABBOTINDIA,MID,nse_index,23.6,13.28,
ATGL,MID,nse_index,111.7,17.1,
ABCAPITAL,MID,nse_index,132.1,64.17,
AJANTPHARM,MID,nse_index,32.2,15.78,
ALKEM,MID,nse_index,75.3,41.03,
ANTHEM,MID,nse_index,74.2,41.65,
APARINDS,MID,nse_index,264.3,104.84,
APOLLOTYRE,MID,nse_index,39.9,18.7,
ASHOKLEY,MID,nse_index,265.8,123.87,
ASTRAL,MID,nse_index,153.3,74.38,
AUROPHARMA,MID,nse_index,147.6,74.5,
AIIL,MID,nse_index,29.1,8.75,
BSE,MID,nse_index,1608.4,736.7,
BAJAJHFL,MID,nse_index,25.4,13.51,
BALKRISIND,MID,nse_index,142.8,71.79,
BANKINDIA,MID,nse_index,80.9,38.12,
MAHABANK,MID,nse_index,116.2,54.44,
BERGEPAINT,MID,nse_index,22.4,11.27,
BDL,MID,nse_index,183.9,56.87,
BHARATFORG,MID,nse_index,219.8,115.45,
BHEL,MID,nse_index,299.2,122.68,
BHARTIHEXA,MID,nse_index,19.8,9.97,
GROWW,MID,nse_index,717.3,417.95,
BIOCON,MID,nse_index,134.1,67.04,
BLUESTARCO,MID,nse_index,94.0,42.47,
CRISIL,MID,nse_index,24.0,13.51,
COCHINSHIP,MID,nse_index,156.6,56.85,
COFORGE,MID,nse_index,500.7,227.37,
COLPAL,MID,nse_index,83.4,42.95,
CONCOR,MID,nse_index,79.4,37.32,
COROMANDEL,MID,nse_index,26.0,15.97,
DABUR,MID,nse_index,89.4,50.62,
DALBHARAT,MID,nse_index,35.4,19.09,
DIXON,MID,nse_index,506.6,196.77,
ENDURANCE,MID,nse_index,35.1,19.96,
ESCORTS,MID,nse_index,28.7,13.65,
EXIDEIND,MID,nse_index,168.1,75.67,
NYKAA,MID,nse_index,174.6,95.59,
FEDERALBNK,MID,nse_index,178.9,107.07,
FORTIS,MID,nse_index,121.3,66.73,
GVT&D,MID,nse_index,408.1,192.54,
GMRAIRPORT,MID,nse_index,116.5,69.68,
GICRE,MID,nse_index,28.8,15.31,
GLAXO,MID,nse_index,37.5,18.02,
GLENMARK,MID,nse_index,125.1,61.05,
MEDANTA,MID,nse_index,39.8,21.13,
GODFRYPHLP,MID,nse_index,76.3,21.62,
GODREJIND,MID,nse_index,13.7,4.9,
GODREJPROP,MID,nse_index,124.5,51.01,
FLUOROCHEM,MID,nse_index,81.1,34.74,
HDBFS,MID,nse_index,39.3,27.24,
HAVELLS,MID,nse_index,101.6,59.79,
HEROMOTOCO,MID,nse_index,345.1,181.45,
HEXT,MID,nse_index,35.8,10.0,
HINDPETRO,MID,nse_index,181.6,102.64,
POWERINDIA,MID,nse_index,382.4,143.07,
HONAUT,MID,nse_index,19.3,8.56,
HUDCO,MID,nse_index,34.9,16.73,
ICICIGI,MID,nse_index,141.6,84.46,
ICICIAMC,MID,nse_index,149.0,87.16,
ICICIPRULI,MID,nse_index,76.9,43.49,
IDFCFIRSTB,MID,nse_index,153.4,82.86,
ITCHOTELS,MID,nse_index,27.0,14.74,
INDIANB,MID,nse_index,99.4,47.73,
IRCTC,MID,nse_index,39.6,20.13,
IREDA,MID,nse_index,57.4,18.99,
INDUSTOWER,MID,nse_index,186.0,102.92,
INDUSINDBK,MID,nse_index,159.2,87.85,
NAUKRI,MID,nse_index,217.8,113.62,
IPCALAB,MID,nse_index,83.4,30.89,
JKCEMENT,MID,nse_index,18.9,10.11,
JSWENERGY,MID,nse_index,96.8,52.07,
JSWINFRA,MID,nse_index,124.6,70.51,
JSL,MID,nse_index,60.2,32.65,
JUBLFOOD,MID,nse_index,113.8,45.82,
KPRMILL,MID,nse_index,27.3,11.3,
KEI,MID,nse_index,288.4,125.02,
KPITTECH,MID,nse_index,170.8,49.25,
KALYANKJIL,MID,nse_index,735.2,152.8,
LTF,MID,nse_index,166.7,73.83,
LTTS,MID,nse_index,31.0,15.04,
LGEINDIA,MID,nse_index,124.8,67.1,
LICHSGFIN,MID,nse_index,161.3,79.45,
LAURUSLABS,MID,nse_index,499.3,303.1,
LENSKART,MID,nse_index,676.5,406.22,
LICI,MID,nse_index,518.9,310.29,
LINDEINDIA,MID,nse_index,16.2,8.46,
LLOYDSME,MID,nse_index,86.6,45.14,
LUPIN,MID,nse_index,201.4,118.65,
MRF,MID,nse_index,51.9,25.46,
M&MFIN,MID,nse_index,92.3,49.43,
MANKIND,MID,nse_index,112.1,59.1,
MARICO,MID,nse_index,143.7,87.66,
MFSL,MID,nse_index,148.4,77.03,
MOTILALOFS,MID,nse_index,98.2,38.02,
MPHASIS,MID,nse_index,110.7,54.06,
MCX,MID,nse_index,715.8,294.56,
NHPC,MID,nse_index,74.7,37.78,
NLCINDIA,MID,nse_index,49.0,24.89,
NMDC,MID,nse_index,135.4,68.03,
NTPCGREEN,MID,nse_index,24.4,12.72,
NATIONALUM,MID,nse_index,250.5,107.38,
NAM-INDIA,MID,nse_index,137.1,78.54,
OBEROIRLTY,MID,nse_index,84.8,40.32,
OIL,MID,nse_index,123.6,53.11,
PAYTM,MID,nse_index,757.7,316.1,
OFSS,MID,nse_index,267.2,107.44,
POLICYBZR,MID,nse_index,468.7,222.6,
PIIND,MID,nse_index,69.5,30.81,
PAGEIND,MID,nse_index,98.1,44.55,
PATANJALI,MID,nse_index,168.7,47.72,
PERSISTENT,MID,nse_index,285.8,109.82,
PETRONET,MID,nse_index,50.5,29.78,
PHOENIXLTD,MID,nse_index,87.1,47.73,
POLYCAB,MID,nse_index,310.1,165.6,
PREMIERENE,MID,nse_index,112.6,47.12,
PRESTIGE,MID,nse_index,81.8,39.58,
RADICO,MID,nse_index,153.6,78.48,
RVNL,MID,nse_index,99.2,31.97,
SBICARD,MID,nse_index,147.9,91.9,
SJVN,MID,nse_index,13.7,6.67,
SRF,MID,nse_index,63.9,34.22,
SCHAEFFLER,MID,nse_index,23.8,15.38,
SAIL,MID,nse_index,384.9,153.94,
SUNDARMFIN,MID,nse_index,25.2,14.64,
SUPREMEIND,MID,nse_index,67.6,31.18,
SUZLON,MID,nse_index,262.7,109.79,
SWIGGY,MID,nse_index,642.2,317.23,
TATACOMM,MID,nse_index,42.9,24.01,
TATAELXSI,MID,nse_index,84.3,32.27,
TATAINVEST,MID,nse_index,89.4,12.21,
NIACL,MID,nse_index,156.5,20.02,
THERMAX,MID,nse_index,94.8,40.18,
TORNTPOWER,MID,nse_index,45.6,22.57,
TIINDIA,MID,nse_index,96.2,38.22,
UNOMINDA,MID,nse_index,90.0,47.07,
UPL,MID,nse_index,123.4,68.51,
UBL,MID,nse_index,15.9,8.89,
VMM,MID,nse_index,142.1,63.18,
IDEA,MID,nse_index,634.7,191.39,
VOLTAS,MID,nse_index,100.2,42.82,
WAAREEENER,MID,nse_index,176.3,70.99,
YESBANK,MID,nse_index,140.6,67.86,
ACMESOLAR,SMALL,nse_index,101.1,45.74,
AADHARHFC,SMALL,nse_index,16.8,10.11,
AARTIIND,SMALL,nse_index,59.3,21.29,
AAVAS,SMALL,nse_index,13.4,7.23,
ACE,SMALL,nse_index,43.3,18.57,
ACUTAAS,SMALL,nse_index,109.1,53.76,
ABFRL,SMALL,nse_index,34.0,15.7,
ABLBL,SMALL,nse_index,13.3,5.72,
ABREL,SMALL,nse_index,25.2,11.26,
ABSLAMC,SMALL,nse_index,20.6,11.79,
CPPLUS,SMALL,nse_index,94.6,54.99,
AEGISLOG,SMALL,nse_index,132.9,42.7,
AEGISVOPAK,SMALL,nse_index,41.3,14.75,
AFCONS,SMALL,nse_index,51.8,16.0,
AFFLE,SMALL,nse_index,65.5,20.88,
ABDL,SMALL,nse_index,45.1,16.01,
ARE&M,SMALL,nse_index,77.5,29.04,
AMBER,SMALL,nse_index,168.5,60.72,
ANANDRATHI,SMALL,nse_index,58.1,32.14,
ANANTRAJ,SMALL,nse_index,143.9,50.09,
ANGELONE,SMALL,nse_index,157.3,58.64,
ANURAS,SMALL,nse_index,49.7,29.17,
APTUS,SMALL,nse_index,37.2,22.07,
ASAHIINDIA,SMALL,nse_index,18.0,7.47,
ASTERDM,SMALL,nse_index,247.3,176.36,
ATHERENERG,SMALL,nse_index,739.5,217.33,
ATUL,SMALL,nse_index,25.3,14.44,
BEML,SMALL,nse_index,89.7,27.86,
BLS,SMALL,nse_index,53.6,17.84,
BALRAMCHIN,SMALL,nse_index,283.9,40.09,
BANDHANBNK,SMALL,nse_index,180.4,81.59,
BATAINDIA,SMALL,nse_index,29.7,11.39,
BAYERCROP,SMALL,nse_index,10.7,6.56,
BELRISE,SMALL,nse_index,97.5,46.22,
BIKAJI,SMALL,nse_index,15.5,5.69,
BSOFT,SMALL,nse_index,49.1,18.33,
BLUEDART,SMALL,nse_index,14.5,4.69,
BLUEJET,SMALL,nse_index,45.4,20.6,
BBTC,SMALL,nse_index,68.7,5.64,
FIRSTCRY,SMALL,nse_index,87.1,18.44,
BRIGADE,SMALL,nse_index,37.9,13.31,
MAPMYINDIA,SMALL,nse_index,26.2,8.26,
CCL,SMALL,nse_index,18.1,9.74,
CESC,SMALL,nse_index,27.0,13.64,
CIEINDIA,SMALL,nse_index,13.9,8.72,
CANFINHOME,SMALL,nse_index,18.1,11.13,
CANHLIFE,SMALL,nse_index,14.7,7.59,
CAPLIPOINT,SMALL,nse_index,54.9,14.67,
CGCL,SMALL,nse_index,139.2,43.12,
CARBORUNIV,SMALL,nse_index,47.3,15.2,
CARTRADE,SMALL,nse_index,129.6,39.14,
CASTROLIND,SMALL,nse_index,61.7,36.24,
CEATLTD,SMALL,nse_index,24.0,10.94,
CEMPRO,SMALL,nse_index,49.5,25.63,
CENTRALBK,SMALL,nse_index,19.5,10.57,
CDSL,SMALL,nse_index,169.3,65.36,
CHALET,SMALL,nse_index,16.9,7.8,
CHAMBLFERT,SMALL,nse_index,22.8,12.38,
CHENNPETRO,SMALL,nse_index,316.0,69.34,
CHOICEIN,SMALL,nse_index,34.2,10.14,
CHOLAHLDNG,SMALL,nse_index,29.5,17.71,
CUB,SMALL,nse_index,71.8,32.76,
CLEAN,SMALL,nse_index,36.3,14.73,
COHANCE,SMALL,nse_index,56.9,20.08,
CAMS,SMALL,nse_index,96.3,45.5,
CONCORDBIO,SMALL,nse_index,27.6,11.57,
CRAFTSMAN,SMALL,nse_index,67.5,31.63,
CREDITACC,SMALL,nse_index,35.3,19.17,
CROMPTON,SMALL,nse_index,86.8,40.12,
CYIENT,SMALL,nse_index,102.4,35.55,
DCMSHRIRAM,SMALL,nse_index,16.2,5.56,
DOMS,SMALL,nse_index,9.3,5.0,
DATAPATTNS,SMALL,nse_index,348.0,83.61,
DEEPAKFERT,SMALL,nse_index,52.9,19.49,
DEEPAKNTR,SMALL,nse_index,69.5,32.61,
DELHIVERY,SMALL,nse_index,135.4,71.96,
DEVYANI,SMALL,nse_index,68.6,22.32,
LALPATHLAB,SMALL,nse_index,60.3,31.37,
EIDPARRY,SMALL,nse_index,46.7,19.06,
EIHOTEL,SMALL,nse_index,9.0,4.23,
ELECON,SMALL,nse_index,63.2,9.55,
ELGIEQUIP,SMALL,nse_index,35.0,13.8,
EMAMILTD,SMALL,nse_index,63.3,33.32,
EMCURE,SMALL,nse_index,34.4,19.38,
EMMVEE,SMALL,nse_index,68.8,27.43,
ENGINERSIN,SMALL,nse_index,151.6,41.29,
ERIS,SMALL,nse_index,12.8,7.42,
FACT,SMALL,nse_index,83.9,5.92,
FINCABLES,SMALL,nse_index,199.0,47.23,
FSL,SMALL,nse_index,118.7,22.08,
FIVESTAR,SMALL,nse_index,36.1,16.23,
FORCEMOT,SMALL,nse_index,139.7,47.89,
GABRIEL,SMALL,nse_index,71.2,20.0,
GALLANTT,SMALL,nse_index,5.7,2.38,
GRSE,SMALL,nse_index,108.2,37.53,
GILLETTE,SMALL,nse_index,14.7,8.46,
GLAND,SMALL,nse_index,205.4,86.93,
GODIGIT,SMALL,nse_index,21.6,8.64,
GPIL,SMALL,nse_index,40.4,18.73,
GRANULES,SMALL,nse_index,87.2,46.35,
GRAPHITE,SMALL,nse_index,199.2,45.81,
GRAVITA,SMALL,nse_index,37.9,19.33,
GESHIP,SMALL,nse_index,153.8,63.76,
GMDCLTD,SMALL,nse_index,67.0,21.39,
HEG,SMALL,nse_index,89.6,38.53,
HBLENGINE,SMALL,nse_index,130.8,38.51,
HFCL,SMALL,nse_index,343.7,173.29,
HSCL,SMALL,nse_index,377.3,113.86,
HINDCOPPER,SMALL,nse_index,649.0,221.49,
HOMEFIRST,SMALL,nse_index,23.7,13.89,
HONASA,SMALL,nse_index,86.5,38.53,
IDBI,SMALL,nse_index,111.9,36.06,
IFCI,SMALL,nse_index,675.0,110.97,
IIFL,SMALL,nse_index,164.1,76.41,
IRB,SMALL,nse_index,28.2,11.07,
IRCON,SMALL,nse_index,17.9,6.63,
ITI,SMALL,nse_index,6.4,1.94,
INDGN,SMALL,nse_index,43.8,22.66,
INDIACEM,SMALL,nse_index,5.8,2.13,
INDIAMART,SMALL,nse_index,19.5,11.95,
IEX,SMALL,nse_index,47.6,20.84,
IOB,SMALL,nse_index,7.8,3.91,
IGL,SMALL,nse_index,28.4,12.78,
INOXWIND,SMALL,nse_index,96.6,35.94,
INTELLECT,SMALL,nse_index,28.4,12.62,
IGIL,SMALL,nse_index,20.6,11.93,
IKS,SMALL,nse_index,34.5,17.19,
JBMA,SMALL,nse_index,35.7,7.04,
JKTYRE,SMALL,nse_index,23.6,10.76,
JMFINANCIL,SMALL,nse_index,39.6,16.67,
JSWCEMENT,SMALL,nse_index,16.4,9.42,
JSWDULUX,SMALL,nse_index,7.9,4.24,
JAINREC,SMALL,nse_index,55.6,16.07,
JPPOWER,SMALL,nse_index,102.6,29.49,
J&KBANK,SMALL,nse_index,52.4,21.5,
JINDALSAW,SMALL,nse_index,64.9,22.69,
JUBLINGREA,SMALL,nse_index,20.2,10.8,
JUBLPHARMA,SMALL,nse_index,30.4,14.14,
JWL,SMALL,nse_index,24.6,7.09,
JYOTICNC,SMALL,nse_index,131.9,46.61,
KAJARIACER,SMALL,nse_index,36.1,22.96,
KPIL,SMALL,nse_index,33.3,12.31,
KARURVYSYA,SMALL,nse_index,56.9,29.76,
KAYNES,SMALL,nse_index,508.0,121.28,
KEC,SMALL,nse_index,46.9,22.25,
KFINTECH,SMALL,nse_index,80.1,29.83,
KIRLOSENG,SMALL,nse_index,120.5,56.55,
KIMS,SMALL,nse_index,44.4,28.57,
LTFOODS,SMALL,nse_index,73.9,12.55,
LATENTVIEW,SMALL,nse_index,17.3,7.3,
THELEELA,SMALL,nse_index,30.0,16.1,
LEMONTREE,SMALL,nse_index,30.1,17.14,
MMTC,SMALL,nse_index,15.0,3.65,
MGL,SMALL,nse_index,31.6,13.26,
MANAPPURAM,SMALL,nse_index,210.8,89.19,
MRPL,SMALL,nse_index,194.9,38.19,
MEESHO,SMALL,nse_index,401.7,165.71,
MINDACORP,SMALL,nse_index,33.8,12.03,
MSUMI,SMALL,nse_index,41.4,21.65,
NATCOPHARM,SMALL,nse_index,38.3,17.24,
NBCC,SMALL,nse_index,46.4,18.31,
NCC,SMALL,nse_index,42.0,15.17,
NSLNISP,SMALL,nse_index,35.8,12.07,
NH,SMALL,nse_index,56.6,34.97,
NAVA,SMALL,nse_index,16.4,7.72,
NAVINFLUOR,SMALL,nse_index,189.2,70.8,
NETWEB,SMALL,nse_index,832.1,159.4,
NEULANDLAB,SMALL,nse_index,167.6,62.55,
NEWGEN,SMALL,nse_index,76.3,17.17,
NIVABUPA,SMALL,nse_index,11.1,4.83,
NUVAMA,SMALL,nse_index,57.2,29.06,
NUVOCO,SMALL,nse_index,11.0,5.38,
OLAELEC,SMALL,nse_index,290.2,58.88,
OLECTRA,SMALL,nse_index,49.1,18.38,
ONESOURCE,SMALL,nse_index,43.7,21.34,
PCBL,SMALL,nse_index,82.1,24.74,
PGEL,SMALL,nse_index,86.8,28.3,
PNBHOUSING,SMALL,nse_index,116.3,52.65,
PTCIL,SMALL,nse_index,76.0,22.49,
PVRINOX,SMALL,nse_index,69.8,30.22,
PARADEEP,SMALL,nse_index,136.6,25.9,
PFIZER,SMALL,nse_index,26.1,15.81,
PWL,SMALL,nse_index,163.9,38.61,
PINELABS,SMALL,nse_index,621.6,192.49,
PIRAMALFIN,SMALL,nse_index,80.1,45.29,
PPLPHARMA,SMALL,nse_index,110.4,41.09,
POLYMED,SMALL,nse_index,29.6,12.64,
POONAWALLA,SMALL,nse_index,59.4,30.01,
PFOCUS,SMALL,nse_index,57.6,15.29,
RRKABEL,SMALL,nse_index,151.1,60.11,
RBLBANK,SMALL,nse_index,144.0,64.85,
RHIM,SMALL,nse_index,32.4,9.85,
RITES,SMALL,nse_index,11.0,4.42,
RAILTEL,SMALL,nse_index,23.0,5.41,
RAINBOW,SMALL,nse_index,16.3,9.27,
RKFORGE,SMALL,nse_index,75.1,34.7,
REDINGTON,SMALL,nse_index,313.6,83.04,
RPOWER,SMALL,nse_index,43.7,13.45,
SBFC,SMALL,nse_index,20.3,10.28,
SAGILITY,SMALL,nse_index,97.2,40.95,
SAILIFE,SMALL,nse_index,104.0,47.23,
SAMMAANCAP,SMALL,nse_index,99.0,46.43,
SAPPHIRE,SMALL,nse_index,47.8,17.69,
SARDAEN,SMALL,nse_index,52.3,10.76,
SAREGAMA,SMALL,nse_index,33.2,12.15,
SCHNEIDER,SMALL,nse_index,45.8,21.34,
SCI,SMALL,nse_index,69.3,24.86,
SHYAMMETL,SMALL,nse_index,57.8,28.96,
SIGNATURE,SMALL,nse_index,21.3,2.0,
SOBHA,SMALL,nse_index,10.7,5.4,
SONACOMS,SMALL,nse_index,181.4,84.62,
SONATSOFTW,SMALL,nse_index,48.0,14.57,
STARHEALTH,SMALL,nse_index,40.8,26.47,
SUMICHEM,SMALL,nse_index,19.8,9.45,
SUNTV,SMALL,nse_index,38.0,13.84,
SPLPETRO,SMALL,nse_index,22.8,7.6,
SWANCORP,SMALL,nse_index,65.6,11.57,
SYNGENE,SMALL,nse_index,43.3,20.16,
SYRMA,SMALL,nse_index,326.0,82.21,
TBOTEK,SMALL,nse_index,40.9,19.36,
TATACHEM,SMALL,nse_index,143.8,33.23,
TATATECH,SMALL,nse_index,131.9,40.28,
TTML,SMALL,nse_index,17.5,2.78,
TECHNOE,SMALL,nse_index,19.3,9.24,
TEGA,SMALL,nse_index,94.8,25.69,
TEJASNET,SMALL,nse_index,184.9,32.04,
TENNIND,SMALL,nse_index,124.6,72.86,
RAMCOCEM,SMALL,nse_index,24.2,12.42,
TIMKEN,SMALL,nse_index,12.6,6.8,
TITAGARH,SMALL,nse_index,42.8,14.68,
TARIL,SMALL,nse_index,40.6,14.38,
TRAVELFOOD,SMALL,nse_index,11.9,4.57,
TRIDENT,SMALL,nse_index,7.2,3.27,
TRITURBINE,SMALL,nse_index,36.8,16.96,
UCOBANK,SMALL,nse_index,9.3,4.38,
UTIAMC,SMALL,nse_index,10.5,6.95,
URBANCO,SMALL,nse_index,190.6,54.11,
USHAMART,SMALL,nse_index,45.1,22.92,
VTL,SMALL,nse_index,56.3,9.32,
VIJAYA,SMALL,nse_index,27.1,11.15,
WELCORP,SMALL,nse_index,537.3,157.95,
WELSPUNLIV,SMALL,nse_index,128.3,30.23,
WHIRLPOOL,SMALL,nse_index,135.9,21.63,
WOCKPHARMA,SMALL,nse_index,208.9,72.69,
ZFCVINDIA,SMALL,nse_index,26.5,16.69,
ZEEL,SMALL,nse_index,280.4,82.42,
ZENTEC,SMALL,nse_index,74.4,26.93,
ZENSARTECH,SMALL,nse_index,105.5,19.22,
ZYDUSWELL,SMALL,nse_index,24.9,6.61,
ECLERX,SMALL,nse_index,42.2,16.81,
20MICRONS,BROAD,not_in_nse_index,4.0,1.6,1.0
21STCENMGM,BROAD,not_in_nse_index,0.0,0.03,1.0
3BBLACKBIO,BROAD,not_in_nse_index,2.3,1.22,1.0
3IINFO-RE,BROAD,not_in_nse_index,0.0,0.0,0.0
3IINFOLTD,BROAD,not_in_nse_index,2.0,1.23,1.0
3IINFOTECH,BROAD,not_in_nse_index,0.0,0.0,0.0
3PLAND,BROAD,not_in_nse_index,0.0,0.01,1.0
4THDIM,BROAD,not_in_nse_index,0.0,0.0,0.0
5PAISA,BROAD,not_in_nse_index,2.1,0.94,1.0
5PAISA-RE,BROAD,not_in_nse_index,0.0,0.0,0.0
63MOONS,BROAD,not_in_nse_index,87.3,16.71,1.0
8KMILES,BROAD,not_in_nse_index,0.0,0.0,0.0
A2ZINFRA,BROAD,not_in_nse_index,0.6,0.42,1.0
AAATECH,BROAD,not_in_nse_index,0.6,0.38,1.0
AAKASH,BROAD,not_in_nse_index,0.1,0.08,1.0
AAREYDRUGS,BROAD,not_in_nse_index,1.7,0.99,1.0
AARNAV,BROAD,not_in_nse_index,0.1,0.08,1.0
AARON,BROAD,not_in_nse_index,0.3,0.14,1.0
AARTECH,BROAD,not_in_nse_index,0.3,0.32,1.0
AARTI-RE,BROAD,not_in_nse_index,0.0,0.0,0.0
AARTIDRUGS,BROAD,not_in_nse_index,8.8,3.95,1.0
AARTIPHARM,BROAD,not_in_nse_index,87.4,24.05,1.0
AARTISURF,BROAD,not_in_nse_index,3.0,1.44,1.0
AARVEEDEN,BROAD,not_in_nse_index,0.0,0.0,0.0
AARVI,BROAD,not_in_nse_index,0.4,0.22,1.0
AASTHA,BROAD,not_in_nse_index,13.5,4.24,1.0
ABAN,BROAD,not_in_nse_index,0.1,0.05,0.98
ABANSENT,BROAD,not_in_nse_index,0.0,0.02,1.0
ABCOTS,BROAD,not_in_nse_index,0.3,0.19,1.0
ABGSEC,BROAD,not_in_nse_index,0.0,0.01,0.98
ABIN-RE1,BROAD,not_in_nse_index,0.0,0.0,0.0
ABINFRA,BROAD,not_in_nse_index,6.3,1.32,1.0
ABMINTLLTD,BROAD,not_in_nse_index,0.0,0.01,0.98
ABMINTLTD,BROAD,not_in_nse_index,0.0,0.0,0.0
ABMKNO,BROAD,not_in_nse_index,0.0,0.02,1.0
ABSL10BANK,BROAD,not_in_nse_index,0.4,0.34,1.0
ABSLBANETF,BROAD,not_in_nse_index,0.6,0.51,1.0
ABSLLIQUID,BROAD,not_in_nse_index,0.5,0.42,1.0
ABSLMSCIN,BROAD,not_in_nse_index,0.0,0.01,1.0
ABSLNN50ET,BROAD,not_in_nse_index,0.1,0.09,1.0
ABSLPSE,BROAD,not_in_nse_index,0.2,0.12,1.0
ACCELYA,BROAD,not_in_nse_index,0.6,0.43,1.0
ACCURACY,BROAD,not_in_nse_index,0.0,0.03,1.0
ACEINTEG,BROAD,not_in_nse_index,0.0,0.01,1.0
ACGL,BROAD,not_in_nse_index,0.1,0.07,0.69
ACI,BROAD,not_in_nse_index,18.3,10.07,1.0
ACL,BROAD,not_in_nse_index,0.1,0.05,1.0
ACLGATI,BROAD,not_in_nse_index,0.0,0.0,0.0
ACRYSIL,BROAD,not_in_nse_index,0.0,0.0,0.0
ACSTECH,BROAD,not_in_nse_index,1.8,1.47,1.0
ADANI-RE,BROAD,not_in_nse_index,0.0,0.0,0.0
ADANIGAS,BROAD,not_in_nse_index,0.0,0.0,0.0
ADANITRANS,BROAD,not_in_nse_index,0.0,0.0,0.0
ADDIND,BROAD,not_in_nse_index,0.0,0.0,0.67
ADFFOODS,BROAD,not_in_nse_index,4.1,1.64,1.0
ADHUNIKIND,BROAD,not_in_nse_index,0.0,0.0,0.0
ADL,BROAD,not_in_nse_index,0.0,0.01,0.98
ADOR,BROAD,not_in_nse_index,7.7,3.66,1.0
ADORWELD,BROAD,not_in_nse_index,0.0,0.0,0.0
ADRO-RE,BROAD,not_in_nse_index,0.0,0.0,0.0
ADROITINFO,BROAD,not_in_nse_index,0.1,0.06,1.0
ADSL,BROAD,not_in_nse_index,3.2,0.89,1.0
ADVAIT,BROAD,not_in_nse_index,11.7,4.82,1.0
ADVANCE,BROAD,not_in_nse_index,5.2,2.18,1.0
ADVANIHOTR,BROAD,not_in_nse_index,0.1,0.1,1.0
ADVENTHTL,BROAD,not_in_nse_index,2.2,0.92,1.0
ADVENZYMES,BROAD,not_in_nse_index,8.6,4.58,1.0
ADVIKCA,BROAD,not_in_nse_index,0.0,0.02,0.69
AEGISCHEM,BROAD,not_in_nse_index,0.0,0.0,0.0
AEPL,BROAD,not_in_nse_index,0.2,0.1,1.0
AEQUS,BROAD,not_in_nse_index,90.3,36.66,1.0
AEROENTER,BROAD,not_in_nse_index,11.4,5.08,1.0
AEROFLEX,BROAD,not_in_nse_index,75.7,26.78,1.0
AERONEU,BROAD,not_in_nse_index,0.4,0.16,1.0
AEROPLANE,BROAD,not_in_nse_index,12.8,7.19,1.0
AETHER,BROAD,not_in_nse_index,54.1,20.9,1.0
AFFORDABLE,BROAD,not_in_nse_index,0.3,0.25,1.0
AFIL,BROAD,not_in_nse_index,0.6,0.39,1.0
AFL-RE,BROAD,not_in_nse_index,0.0,0.0,0.0
AFSL,BROAD,not_in_nse_index,0.3,0.17,1.0
AGARIND,BROAD,not_in_nse_index,6.7,1.02,1.0
AGARWALEYE,BROAD,not_in_nse_index,71.7,55.14,1.0
AGASTYAEN,BROAD,not_in_nse_index,0.0,0.03,0.07
AGCNET,BROAD,not_in_nse_index,0.0,0.0,0.0
AGI,BROAD,not_in_nse_index,15.1,6.52,1.0
AGIIL,BROAD,not_in_nse_index,43.6,11.28,1.0
AGL,BROAD,not_in_nse_index,6.6,2.46,1.0
AGRITECH,BROAD,not_in_nse_index,0.0,0.02,1.0
AGROPHOS,BROAD,not_in_nse_index,0.1,0.05,1.0
AGSTRA,BROAD,not_in_nse_index,0.0,0.04,0.91
AHCL,BROAD,not_in_nse_index,61.8,11.03,1.0
AHL,BROAD,not_in_nse_index,0.0,0.0,0.0
AHLADA,BROAD,not_in_nse_index,0.1,0.05,1.0
AHLEAST,BROAD,not_in_nse_index,0.0,0.02,1.0
AHLUCONT,BROAD,not_in_nse_index,5.5,2.66,1.0
AHLWEST,BROAD,not_in_nse_index,0.0,0.03,1.0
AIRAN,BROAD,not_in_nse_index,0.2,0.1,1.0
AIROLAM,BROAD,not_in_nse_index,0.0,0.03,1.0
AIRTEL-RE,BROAD,not_in_nse_index,0.0,0.0,0.0
AJAXENGG,BROAD,not_in_nse_index,6.8,2.79,1.0
AJMERA,BROAD,not_in_nse_index,4.0,1.79,1.0
AJOONI,BROAD,not_in_nse_index,0.1,0.09,1.0
AJOONI-RE,BROAD,not_in_nse_index,0.0,0.0,0.0
AJOONI-RE1,BROAD,not_in_nse_index,0.0,0.0,0.0
AJRINFRA,BROAD,not_in_nse_index,0.0,0.0,0.0
AKASH,BROAD,not_in_nse_index,0.0,0.01,1.0
AKCAPIT,BROAD,not_in_nse_index,0.3,0.25,1.0
AKG,BROAD,not_in_nse_index,0.0,0.03,1.0
AKG-RE,BROAD,not_in_nse_index,0.0,0.0,0.0
AKI,BROAD,not_in_nse_index,0.2,0.14,1.0
AKSH-RE,BROAD,not_in_nse_index,0.0,0.0,0.0
AKSHAR,BROAD,not_in_nse_index,0.0,0.03,1.0
AKSHARCHEM,BROAD,not_in_nse_index,0.6,0.56,1.0
AKSHOPTFBR,BROAD,not_in_nse_index,0.3,0.27,1.0
AKUMS,BROAD,not_in_nse_index,27.6,13.25,1.0
AKZOINDIA,BROAD,not_in_nse_index,0.0,0.0,0.0
ALANKIT,BROAD,not_in_nse_index,0.1,0.07,1.0
ALBERTDAVD,BROAD,not_in_nse_index,1.2,0.56,1.0
ALCHEM,BROAD,not_in_nse_index,0.0,0.0,0.0
ALEMBICLTD,BROAD,not_in_nse_index,17.2,4.42,1.0
ALFREDHE,BROAD,not_in_nse_index,0.0,0.01,0.64
ALGOQUANT,BROAD,not_in_nse_index,9.2,2.41,1.0
ALICON,BROAD,not_in_nse_index,3.4,1.89,1.0
ALIVUS,BROAD,not_in_nse_index,24.7,10.7,1.0
ALKALI,BROAD,not_in_nse_index,0.4,0.16,1.0
ALKYLAMINE,BROAD,not_in_nse_index,22.1,6.62,1.0
ALLCARGO,BROAD,not_in_nse_index,30.4,7.0,1.0
ALLDIGI,BROAD,not_in_nse_index,0.8,0.53,1.0
ALLSEC,BROAD,not_in_nse_index,0.0,0.0,0.0
ALLTIME,BROAD,not_in_nse_index,2.3,1.26,1.0
ALMONDZ,BROAD,not_in_nse_index,0.6,0.41,1.0
ALOKINDS,BROAD,not_in_nse_index,17.2,7.66,1.0
ALPA,BROAD,not_in_nse_index,0.1,0.07,1.0
ALPHA,BROAD,not_in_nse_index,5.4,3.46,1.0
ALPHAETF,BROAD,not_in_nse_index,1.5,1.09,1.0
ALPHAGEO,BROAD,not_in_nse_index,1.5,0.75,1.0
ALPINETEX,BROAD,not_in_nse_index,1.8,1.02,1.0
ALPL30IETF,BROAD,not_in_nse_index,1.5,1.15,1.0
ALPSINDUS,BROAD,not_in_nse_index,0.0,0.0,0.0
ALUFLUOR,BROAD,not_in_nse_index,0.4,0.27,0.69
AMAGI,BROAD,not_in_nse_index,55.7,16.31,1.0
AMAL,BROAD,not_in_nse_index,0.5,0.35,0.69
AMANTA,BROAD,not_in_nse_index,1.1,1.14,1.0
AMARAJABAT,BROAD,not_in_nse_index,0.0,0.0,0.0
AMARJOTHI,BROAD,not_in_nse_index,0.0,0.02,0.69
AMBALALSA,BROAD,not_in_nse_index,0.9,0.55,1.0
AMBICAAGAR,BROAD,not_in_nse_index,0.1,0.04,1.0
AMBIKCO,BROAD,not_in_nse_index,3.0,1.59,1.0
AMDIND,BROAD,not_in_nse_index,0.6,0.24,1.0
AMIORG,BROAD,not_in_nse_index,0.0,0.0,0.0
AMIRCHAND,BROAD,not_in_nse_index,0.0,0.0,0.0
AMJLAND,BROAD,not_in_nse_index,0.0,0.03,1.0
AMNPLST,BROAD,not_in_nse_index,0.2,0.11,1.0
AMRUTANJAN,BROAD,not_in_nse_index,5.3,2.57,1.0
ANDHRACEMT,BROAD,not_in_nse_index,0.0,0.0,0.0
ANDHRAPAP,BROAD,not_in_nse_index,12.8,2.02,1.0
ANDHRSUGAR,BROAD,not_in_nse_index,9.4,2.69,1.0
ANDREWYU,BROAD,not_in_nse_index,0.2,0.14,0.69
ANGELBRKG,BROAD,not_in_nse_index,0.0,0.0,0.0
ANIKINDS,BROAD,not_in_nse_index,0.0,0.03,1.0
ANKITMETAL,BROAD,not_in_nse_index,0.0,0.0,1.0
ANMOL,BROAD,not_in_nse_index,0.3,0.15,1.0
ANNAPURNA,BROAD,not_in_nse_index,0.6,0.37,0.76
ANNU,BROAD,not_in_nse_index,3.3,2.37,0.42
ANSALAPI,BROAD,not_in_nse_index,0.0,0.01,1.0
ANSALBU,BROAD,not_in_nse_index,0.1,0.03,0.67
ANSALHSG,BROAD,not_in_nse_index,0.0,0.0,0.0
ANTELOPUS,BROAD,not_in_nse_index,222.3,21.28,1.0
ANTGRAPHIC,BROAD,not_in_nse_index,0.0,0.01,1.0
ANUHPHR,BROAD,not_in_nse_index,1.5,0.74,1.0
ANUP,BROAD,not_in_nse_index,7.8,2.75,1.0
AONEGOLD,BROAD,not_in_nse_index,0.7,0.37,1.0
AONELIQUID,BROAD,not_in_nse_index,2.2,1.63,1.0
AONENIFTY,BROAD,not_in_nse_index,0.2,0.14,1.0
AONESILVER,BROAD,not_in_nse_index,0.5,0.31,1.0
AONETMMQ50,BROAD,not_in_nse_index,0.1,0.07,1.0
AONETOTAL,BROAD,not_in_nse_index,0.2,0.14,1.0
APCL,BROAD,not_in_nse_index,0.1,0.05,1.0
APCL-RE,BROAD,not_in_nse_index,0.0,0.0,0.0
APCOTEXIND,BROAD,not_in_nse_index,23.6,7.72,1.0
APEX,BROAD,not_in_nse_index,15.3,3.09,1.0
APLLTD,BROAD,not_in_nse_index,13.7,6.71,1.0
APOLLO,BROAD,not_in_nse_index,246.0,74.89,1.0
APOLLOPIPE,BROAD,not_in_nse_index,22.9,9.53,1.0
APOLSINHOT,BROAD,not_in_nse_index,0.1,0.08,1.0
APOORVA,BROAD,not_in_nse_index,0.0,0.0,0.44
APTECHT,BROAD,not_in_nse_index,0.6,0.52,1.0
AQYLON,BROAD,not_in_nse_index,8.7,4.7,1.0
ARCHIDPLY,BROAD,not_in_nse_index,0.5,0.26,1.0
ARCHIES,BROAD,not_in_nse_index,0.0,0.02,1.0
ARCIL,BROAD,not_in_nse_index,23.3,10.51,0.2
ARCL,BROAD,not_in_nse_index,0.0,0.03,0.69
ARCOTECH,BROAD,not_in_nse_index,0.0,0.0,0.0
ARDEE,BROAD,not_in_nse_index,46.4,16.96,0.76
ARENTERP,BROAD,not_in_nse_index,0.0,0.01,1.0
ARFIN,BROAD,not_in_nse_index,11.7,2.27,1.0
ARIES,BROAD,not_in_nse_index,4.0,1.49,1.0
ARIHANT,BROAD,not_in_nse_index,0.4,0.24,1.0
ARIHANTCAP,BROAD,not_in_nse_index,5.3,1.43,1.0
ARIHANTSUP,BROAD,not_in_nse_index,0.4,0.3,1.0
ARIS,BROAD,not_in_nse_index,25.2,9.91,1.0
ARISINFRA,BROAD,not_in_nse_index,0.0,0.0,0.0
ARKADE,BROAD,not_in_nse_index,4.2,1.64,1.0
ARMANFIN,BROAD,not_in_nse_index,9.0,4.36,1.0
AROGRANITE,BROAD,not_in_nse_index,0.0,0.02,1.0
ARROWGREEN,BROAD,not_in_nse_index,3.6,2.5,1.0
ARSHIYA,BROAD,not_in_nse_index,0.0,0.02,1.0
ARSSBL,BROAD,not_in_nse_index,8.0,4.09,1.0
ARSSINFRA,BROAD,not_in_nse_index,0.0,0.0,0.0
ARTEMISMED,BROAD,not_in_nse_index,31.6,8.05,1.0
ARTNIRMAN,BROAD,not_in_nse_index,0.0,0.01,0.96
ARVEE,BROAD,not_in_nse_index,0.4,0.13,1.0
ARVIND,BROAD,not_in_nse_index,40.1,18.79,1.0
ARVINDFASN,BROAD,not_in_nse_index,9.3,5.26,1.0
ARVSMART,BROAD,not_in_nse_index,26.3,3.86,1.0
ARYAMAN,BROAD,not_in_nse_index,0.1,0.05,0.69
ASAHISONG,BROAD,not_in_nse_index,1.5,0.99,1.0
ASAL,BROAD,not_in_nse_index,0.8,0.44,1.0
ASALCBR,BROAD,not_in_nse_index,2.3,1.36,1.0
ASHAPURMIN,BROAD,not_in_nse_index,29.7,13.73,1.0
ASHIANA,BROAD,not_in_nse_index,2.5,1.01,1.0
ASHIKA,BROAD,not_in_nse_index,0.0,0.0,0.0
ASHIKAG,BROAD,not_in_nse_index,8.4,3.96,1.0
ASHIMASYN,BROAD,not_in_nse_index,0.2,0.12,1.0
ASHOKA,BROAD,not_in_nse_index,37.1,4.88,1.0
ASHOKAMET,BROAD,not_in_nse_index,0.1,0.07,1.0
ASIAN-RE,BROAD,not_in_nse_index,0.0,0.0,0.0
ASIAN-RE1,BROAD,not_in_nse_index,0.0,0.0,0.0
ASIANENE,BROAD,not_in_nse_index,28.3,10.2,1.0
ASIANHOTNR,BROAD,not_in_nse_index,2.2,0.83,1.0
ASIANTILES,BROAD,not_in_nse_index,52.9,11.23,1.0
ASIANTNE,BROAD,not_in_nse_index,0.0,0.01,0.69
ASKAUTOLTD,BROAD,not_in_nse_index,62.0,12.64,1.0
ASMS,BROAD,not_in_nse_index,0.1,0.13,1.0
ASPINWALL,BROAD,not_in_nse_index,0.1,0.04,1.0
ASSAMENT,BROAD,not_in_nse_index,0.0,0.0,0.4
ASTAR,BROAD,not_in_nse_index,0.1,0.02,0.89
ASTEC,BROAD,not_in_nse_index,19.9,2.34,1.0
ASTEC-RE,BROAD,not_in_nse_index,0.0,0.0,0.0
ASTRAMICRO,BROAD,not_in_nse_index,80.9,31.46,1.0
ASTRAZEN,BROAD,not_in_nse_index,9.5,6.45,1.0
ASTRON,BROAD,not_in_nse_index,0.0,0.01,1.0
ATAL-RE,BROAD,not_in_nse_index,0.0,0.0,0.0
ATALREAL,BROAD,not_in_nse_index,32.5,7.69,1.0
ATAM,BROAD,not_in_nse_index,0.1,0.07,1.0
ATFL,BROAD,not_in_nse_index,0.0,0.0,0.0
ATL,BROAD,not_in_nse_index,0.6,0.36,1.0
ATL-RE,BROAD,not_in_nse_index,0.0,0.0,0.0
ATLANTA,BROAD,not_in_nse_index,0.0,0.0,0.0
ATLANTAA,BROAD,not_in_nse_index,0.4,0.2,1.0
ATLANTAELE,BROAD,not_in_nse_index,23.5,11.47,1.0
ATLASCYCLE,BROAD,not_in_nse_index,0.5,0.16,1.0
ATNINTER,BROAD,not_in_nse_index,0.0,0.0,0.0
ATULAUTO,BROAD,not_in_nse_index,13.2,4.72,1.0
AUGMONT,BROAD,not_in_nse_index,96.5,30.52,0.47
AURIGROW,BROAD,not_in_nse_index,0.0,0.0,0.0
AURIONPRO,BROAD,not_in_nse_index,14.7,7.68,1.0
AURUM,BROAD,not_in_nse_index,3.7,1.68,1.0
AURUM-RE,BROAD,not_in_nse_index,0.0,0.0,0.0
AURUS,BROAD,not_in_nse_index,0.0,0.01,1.0
AUSOMENT,BROAD,not_in_nse_index,0.1,0.07,1.0
AUSTENG,BROAD,not_in_nse_index,0.2,0.08,0.69
AUTOAXLES,BROAD,not_in_nse_index,1.8,1.04,1.0
AUTOBEES,BROAD,not_in_nse_index,6.8,3.85,1.0
AUTOIETF,BROAD,not_in_nse_index,2.3,1.46,1.0
AUTOIND,BROAD,not_in_nse_index,1.9,1.18,1.0
AUTOLITIND,BROAD,not_in_nse_index,0.0,0.0,0.0
AVADHSUGAR,BROAD,not_in_nse_index,26.9,5.92,1.0
AVAILFC,BROAD,not_in_nse_index,0.0,0.0,0.0
AVALON,BROAD,not_in_nse_index,134.2,44.44,1.0
AVANCE,BROAD,not_in_nse_index,0.3,0.17,0.69
AVANTEL,BROAD,not_in_nse_index,19.8,5.95,1.0
AVANTEL-RE,BROAD,not_in_nse_index,0.0,0.0,0.0
AVANTIFEED,BROAD,not_in_nse_index,31.0,13.02,1.0
AVG,BROAD,not_in_nse_index,0.2,0.24,1.0
AVG-RE,BROAD,not_in_nse_index,0.0,0.0,0.0
AVL,BROAD,not_in_nse_index,11.8,6.46,1.0
AVON-RE,BROAD,not_in_nse_index,0.0,0.0,0.0
AVONMORE,BROAD,not_in_nse_index,0.4,0.29,1.0
AVROIND,BROAD,not_in_nse_index,0.4,0.22,1.0
AVTNPL,BROAD,not_in_nse_index,4.4,1.69,1.0
AWFIS,BROAD,not_in_nse_index,25.3,5.29,1.0
AWHCL,BROAD,not_in_nse_index,10.6,2.18,1.0
AXISBNKETF,BROAD,not_in_nse_index,0.0,0.0,0.0
AXISBPSETF,BROAD,not_in_nse_index,0.0,0.0,0.0
AXISCADES,BROAD,not_in_nse_index,33.8,16.33,1.0
AXISCETF,BROAD,not_in_nse_index,0.0,0.0,0.0
AXISGOLD,BROAD,not_in_nse_index,0.0,0.0,0.0
AXISHCETF,BROAD,not_in_nse_index,0.0,0.0,0.0
AXISILVER,BROAD,not_in_nse_index,0.0,0.0,0.0
AXISNIFTY,BROAD,not_in_nse_index,0.0,0.0,0.0
AXISTECETF,BROAD,not_in_nse_index,0.0,0.0,0.0
AXISVALUE,BROAD,not_in_nse_index,0.0,0.0,0.0
AXITA,BROAD,not_in_nse_index,0.7,0.3,1.0
AXSENSEX,BROAD,not_in_nse_index,0.0,0.0,0.0
AXTEL,BROAD,not_in_nse_index,0.2,0.14,0.69
AYE,BROAD,not_in_nse_index,22.9,8.7,1.0
AYMSYNTEX,BROAD,not_in_nse_index,3.7,1.64,1.0
AZAD,BROAD,not_in_nse_index,169.2,56.13,1.0
AZADIND,BROAD,not_in_nse_index,0.2,0.05,0.69
BAFNAPH,BROAD,not_in_nse_index,0.6,0.64,1.0
BAGFILMS,BROAD,not_in_nse_index,0.0,0.03,1.0
BAIDFIN,BROAD,not_in_nse_index,0.1,0.08,1.0
BAIDFIN-RE,BROAD,not_in_nse_index,0.0,0.0,0.0
BAJAJCON,BROAD,not_in_nse_index,37.9,19.22,1.0
BAJAJELEC,BROAD,not_in_nse_index,18.6,3.98,1.0
BAJAJHCARE,BROAD,not_in_nse_index,4.4,1.99,1.0
BAJAJHIND,BROAD,not_in_nse_index,86.7,15.45,1.0
BAJAJINDEF,BROAD,not_in_nse_index,0.6,0.33,1.0
BAJAJST,BROAD,not_in_nse_index,0.5,0.31,1.0
BAJEL,BROAD,not_in_nse_index,4.7,1.83,1.0
BALAJEE,BROAD,not_in_nse_index,0.1,0.05,1.0
BALAJITELE,BROAD,not_in_nse_index,2.9,1.2,1.0
BALAMINES,BROAD,not_in_nse_index,52.0,17.06,1.0
BALAXI,BROAD,not_in_nse_index,0.1,0.08,1.0
BALKRI-RE,BROAD,not_in_nse_index,0.0,0.0,0.0
BALKRISHNA,BROAD,not_in_nse_index,0.0,0.01,1.0
BALLARPUR,BROAD,not_in_nse_index,0.0,0.0,0.0
BALMLAWRIE,BROAD,not_in_nse_index,2.5,1.27,1.0
BALPHARMA,BROAD,not_in_nse_index,0.8,0.37,1.0
BALUFORGE,BROAD,not_in_nse_index,100.8,25.58,1.0
BANARBEADS,BROAD,not_in_nse_index,0.1,0.03,1.0
BANARISUG,BROAD,not_in_nse_index,1.5,0.35,1.0
BANCOINDIA,BROAD,not_in_nse_index,7.3,3.56,1.0
BANG,BROAD,not_in_nse_index,0.3,0.16,1.0
BANK10ADD,BROAD,not_in_nse_index,1.2,1.12,1.0
BANK10BETF,BROAD,not_in_nse_index,0.7,0.64,1.0
BANKA,BROAD,not_in_nse_index,0.0,0.02,1.0
BANKADD,BROAD,not_in_nse_index,0.2,0.2,1.0
BANKBEES,BROAD,not_in_nse_index,32.9,19.41,1.0
BANKBETA,BROAD,not_in_nse_index,2.0,1.76,1.0
BANKBETF,BROAD,not_in_nse_index,0.7,0.64,1.0
BANKETF,BROAD,not_in_nse_index,1.8,1.38,1.0
BANKETFADD,BROAD,not_in_nse_index,0.0,0.0,0.0
BANKIETF,BROAD,not_in_nse_index,3.2,2.3,1.0
BANKNIFTY1,BROAD,not_in_nse_index,8.2,7.6,1.0
BANKPSU,BROAD,not_in_nse_index,0.1,0.08,1.0
BANSALWIRE,BROAD,not_in_nse_index,3.7,1.95,1.0
BANSWRAS,BROAD,not_in_nse_index,0.4,0.26,1.0
BARBEQUE,BROAD,not_in_nse_index,0.0,0.0,0.0
BARTRONICS,BROAD,not_in_nse_index,0.0,0.0,0.0
BASF,BROAD,not_in_nse_index,19.4,7.07,1.0
BASML,BROAD,not_in_nse_index,0.1,0.14,1.0
BASML-RE,BROAD,not_in_nse_index,0.0,0.0,0.0
BASML-RE1,BROAD,not_in_nse_index,0.0,0.0,0.0
BATLIBOI,BROAD,not_in_nse_index,0.8,0.36,1.0
BBETF0432,BROAD,not_in_nse_index,1.1,1.08,1.0
BBL,BROAD,not_in_nse_index,6.5,3.62,1.0
BBNPNBETF,BROAD,not_in_nse_index,0.0,0.01,1.0
BBNPPGOLD,BROAD,not_in_nse_index,0.2,0.12,1.0
BBOX,BROAD,not_in_nse_index,40.9,14.98,1.0
BBTCL,BROAD,not_in_nse_index,0.3,0.22,1.0
BCG,BROAD,not_in_nse_index,7.6,3.23,1.0
BCIL-RE,BROAD,not_in_nse_index,0.0,0.0,0.0
BCLIND,BROAD,not_in_nse_index,2.7,1.19,1.0
BCONCEPTS,BROAD,not_in_nse_index,0.2,0.14,1.0
BCP,BROAD,not_in_nse_index,0.0,0.0,0.0
BCPL,BROAD,not_in_nse_index,0.1,0.05,1.0
BEARD-RE,BROAD,not_in_nse_index,0.0,0.0,0.0
BEARDSELL,BROAD,not_in_nse_index,0.1,0.04,1.0
BECTORFOOD,BROAD,not_in_nse_index,45.2,15.59,1.0
BEDMUTHA,BROAD,not_in_nse_index,0.1,0.04,1.0
BEEKAY,BROAD,not_in_nse_index,0.2,0.12,1.0
BELLACASA,BROAD,not_in_nse_index,0.3,0.23,1.0
BENARAS,BROAD,not_in_nse_index,0.1,0.07,0.69
BENGALASM,BROAD,not_in_nse_index,0.4,0.27,1.0
BEPL,BROAD,not_in_nse_index,20.5,7.96,1.0
BESTAGRO,BROAD,not_in_nse_index,5.7,1.29,1.0
BETA,BROAD,not_in_nse_index,7.1,3.53,1.0
BFINVEST,BROAD,not_in_nse_index,1.6,0.66,1.0
BFSI,BROAD,not_in_nse_index,1.1,0.92,1.0
BFUTILITIE,BROAD,not_in_nse_index,9.6,1.69,1.0
BGEAR-RE,BROAD,not_in_nse_index,0.0,0.0,0.0
BGLOBAL,BROAD,not_in_nse_index,0.0,0.0,0.2
BGRENERGY,BROAD,not_in_nse_index,1.5,1.52,1.0
BHAGCHEM,BROAD,not_in_nse_index,3.3,1.54,1.0
BHAGERIA,BROAD,not_in_nse_index,4.5,3.44,1.0
BHAGYANGR,BROAD,not_in_nse_index,6.5,3.58,1.0
BHAGYAPROP,BROAD,not_in_nse_index,0.0,0.0,0.0
BHANDA-RE,BROAD,not_in_nse_index,0.0,0.0,0.0
BHANDA-RE1,BROAD,not_in_nse_index,0.0,0.0,0.0
BHANDA-RE2,BROAD,not_in_nse_index,0.0,0.0,0.0
BHANDARI,BROAD,not_in_nse_index,0.0,0.03,1.0
BHARATCOAL,BROAD,not_in_nse_index,17.5,7.23,1.0
BHARATGEAR,BROAD,not_in_nse_index,0.2,0.18,1.0
BHARATRAS,BROAD,not_in_nse_index,1.9,1.07,1.0
BHARATSE,BROAD,not_in_nse_index,6.9,2.25,1.0
BHARATWIRE,BROAD,not_in_nse_index,2.6,1.14,1.0
BI,BROAD,not_in_nse_index,0.8,0.58,1.0
BIGBLOC,BROAD,not_in_nse_index,0.2,0.13,1.0
BIL,BROAD,not_in_nse_index,1.7,0.97,1.0
BILENERGY,BROAD,not_in_nse_index,0.0,0.0,0.0
BILVYAPAR,BROAD,not_in_nse_index,0.0,0.0,1.0
BIMETAL,BROAD,not_in_nse_index,0.0,0.03,1.0
BINANIIND,BROAD,not_in_nse_index,0.0,0.0,0.0
BINDALAGRO,BROAD,not_in_nse_index,0.0,0.0,0.0
BIOFILCHEM,BROAD,not_in_nse_index,0.2,0.1,1.0
BIRLACABLE,BROAD,not_in_nse_index,11.1,6.54,1.0
BIRLACORPN,BROAD,not_in_nse_index,5.3,2.81,1.0
BIRLAMONEY,BROAD,not_in_nse_index,0.4,0.26,1.0
BIRLANU,BROAD,not_in_nse_index,3.8,1.21,1.0
BIRLAPREC,BROAD,not_in_nse_index,1.2,0.73,1.0
BIRLATYRE,BROAD,not_in_nse_index,0.0,0.0,0.0
BKMINDST,BROAD,not_in_nse_index,0.0,0.0,0.0
BLACKBUCK,BROAD,not_in_nse_index,43.7,17.63,1.0
BLACKROSE,BROAD,not_in_nse_index,0.3,0.25,1.0
BLAL,BROAD,not_in_nse_index,0.3,0.25,1.0
BLBLIMITED,BROAD,not_in_nse_index,0.2,0.2,1.0
BLEL,BROAD,not_in_nse_index,115.5,20.47,0.64
BLIL,BROAD,not_in_nse_index,0.5,0.35,1.0
BLISSGVS,BROAD,not_in_nse_index,25.7,25.67,1.0
BLKASHYAP,BROAD,not_in_nse_index,3.6,1.78,1.0
BLSE,BROAD,not_in_nse_index,14.4,6.63,1.0
BLUECHIP,BROAD,not_in_nse_index,0.0,0.0,0.67
BLUECLOUDS,BROAD,not_in_nse_index,7.6,1.94,0.69
BLUECOAST,BROAD,not_in_nse_index,0.0,0.0,1.0
BLUESTONE,BROAD,not_in_nse_index,278.5,43.06,1.0
BLUSPRING,BROAD,not_in_nse_index,7.3,3.22,1.0
BMWVENTLTD,BROAD,not_in_nse_index,0.5,0.32,1.0
BNAGROCHEM,BROAD,not_in_nse_index,0.5,0.16,0.98
BNALTD,BROAD,not_in_nse_index,0.0,0.02,0.8
BNKETFAXIS,BROAD,not_in_nse_index,0.8,0.78,0.98
BODALCHEM,BROAD,not_in_nse_index,40.5,13.71,1.0
BOHRAIND,BROAD,not_in_nse_index,0.0,0.02,1.0
BOMDYEING,BROAD,not_in_nse_index,8.7,2.54,1.0
BONLON,BROAD,not_in_nse_index,0.0,0.03,1.0
BORANA,BROAD,not_in_nse_index,1.0,0.61,1.0
BOROLTD,BROAD,not_in_nse_index,18.7,3.58,1.0
BORORENEW,BROAD,not_in_nse_index,22.7,11.03,1.0
BOROSCI,BROAD,not_in_nse_index,1.2,0.62,1.0
BOSCH-HCIL,BROAD,not_in_nse_index,10.2,5.05,1.0
BPL,BROAD,not_in_nse_index,0.3,0.15,1.0
BPLPHARMA,BROAD,not_in_nse_index,1.4,0.59,0.69
BRAHMINFRA,BROAD,not_in_nse_index,0.2,0.14,0.69
BRFL,BROAD,not_in_nse_index,0.0,0.0,0.0
BRIGHOTEL,BROAD,not_in_nse_index,0.7,0.44,1.0
BRIGHTBR,BROAD,not_in_nse_index,0.0,0.04,0.69
BRNL,BROAD,not_in_nse_index,0.0,0.03,1.0
BROOKS,BROAD,not_in_nse_index,0.2,0.16,1.0
BROOKS-RE,BROAD,not_in_nse_index,0.0,0.0,0.0
BSE500IETF,BROAD,not_in_nse_index,0.8,0.58,1.0
BSELINFRA,BROAD,not_in_nse_index,0.0,0.0,0.0
BSHSL,BROAD,not_in_nse_index,0.1,0.05,1.0
BSL,BROAD,not_in_nse_index,0.1,0.03,1.0
BSLGOLDETF,BROAD,not_in_nse_index,10.2,8.17,1.0
BSLNIFTY,BROAD,not_in_nse_index,3.1,2.44,1.0
BSLSENETFG,BROAD,not_in_nse_index,0.0,0.02,1.0
BTML,BROAD,not_in_nse_index,0.8,0.56,1.0
BTML-RE1,BROAD,not_in_nse_index,0.0,0.0,0.0
BTTL,BROAD,not_in_nse_index,0.0,0.02,1.0
BUILDPRO,BROAD,not_in_nse_index,11.4,6.62,1.0
BURGERKING,BROAD,not_in_nse_index,0.0,0.0,0.0
BURNPUR,BROAD,not_in_nse_index,0.1,0.09,0.78
BUTTERFLY,BROAD,not_in_nse_index,1.6,0.87,1.0
BVCL,BROAD,not_in_nse_index,0.2,0.12,1.0
BYKE,BROAD,not_in_nse_index,0.1,0.1,1.0
CADILAHC,BROAD,not_in_nse_index,0.0,0.0,0.0
CALSOFT,BROAD,not_in_nse_index,0.9,0.71,1.0
CALSOFT-RE,BROAD,not_in_nse_index,0.0,0.0,0.0
CAMLIN-RE,BROAD,not_in_nse_index,0.0,0.0,0.0
CAMLINFINE,BROAD,not_in_nse_index,12.5,4.74,1.0
CAMPUS,BROAD,not_in_nse_index,12.4,5.42,1.0
CANDC,BROAD,not_in_nse_index,0.0,0.0,0.0
CANTABIL,BROAD,not_in_nse_index,5.0,2.68,1.0
CAPACITE,BROAD,not_in_nse_index,8.4,4.05,1.0
CAPILLARY,BROAD,not_in_nse_index,41.9,12.77,1.0
CAPITALSFB,BROAD,not_in_nse_index,0.7,0.44,1.0
CAPTRU-RE,BROAD,not_in_nse_index,0.0,0.0,0.0
CAPTRU-RE1,BROAD,not_in_nse_index,0.0,0.0,0.0
CAPTRUST,BROAD,not_in_nse_index,0.1,0.09,1.0
CAREERP,BROAD,not_in_nse_index,0.0,0.0,0.0
CARERATING,BROAD,not_in_nse_index,9.4,5.87,1.0
CARRARO,BROAD,not_in_nse_index,7.8,4.88,1.0
CARYSIL,BROAD,not_in_nse_index,11.4,5.64,1.0
CASHIETF,BROAD,not_in_nse_index,39.4,32.21,1.0
CASTEXTECH,BROAD,not_in_nse_index,0.0,0.0,0.0
CCAVENUE,BROAD,not_in_nse_index,24.4,10.68,1.0
CCCL,BROAD,not_in_nse_index,0.3,0.2,1.0
CCHHL,BROAD,not_in_nse_index,0.0,0.02,1.0
CEBBCO,BROAD,not_in_nse_index,0.0,0.0,0.0
CEIGALL,BROAD,not_in_nse_index,17.4,7.45,1.0
CEINSYS,BROAD,not_in_nse_index,5.3,2.4,1.0
CELEBRITY,BROAD,not_in_nse_index,0.0,0.01,1.0
CELLO,BROAD,not_in_nse_index,44.8,7.96,1.0
CEMNTGROWW,BROAD,not_in_nse_index,0.2,0.14,1.0
CENTENKA,BROAD,not_in_nse_index,26.0,3.59,1.0
CENTEXT,BROAD,not_in_nse_index,1.0,0.5,1.0
CENTEXT-RE,BROAD,not_in_nse_index,0.0,0.01,0.11
CENTRUM,BROAD,not_in_nse_index,0.8,0.48,1.0
CENTUM,BROAD,not_in_nse_index,39.5,14.09,1.0
CENTURYPLY,BROAD,not_in_nse_index,7.2,3.65,1.0
CENTURYTEX,BROAD,not_in_nse_index,0.0,0.0,0.0
CERA,BROAD,not_in_nse_index,5.8,2.91,1.0
CEREBRAINT,BROAD,not_in_nse_index,0.0,0.02,0.78
CESCVENT,BROAD,not_in_nse_index,0.0,0.0,0.0
CEWATER,BROAD,not_in_nse_index,3.6,1.75,1.0
CFEL,BROAD,not_in_nse_index,0.2,0.13,0.69
CGCL-RE,BROAD,not_in_nse_index,0.0,0.0,0.0
CGVAK,BROAD,not_in_nse_index,0.0,0.02,0.69
CHEMBOND,BROAD,not_in_nse_index,0.4,0.18,1.0
CHEMBONDCH,BROAD,not_in_nse_index,0.4,0.35,1.0
CHEMCON,BROAD,not_in_nse_index,0.7,0.7,1.0
CHEMCRUX,BROAD,not_in_nse_index,0.0,0.02,0.69
CHEMFAB,BROAD,not_in_nse_index,0.2,0.12,1.0
CHEMICAL,BROAD,not_in_nse_index,1.4,1.0,1.0
CHEMPLASTS,BROAD,not_in_nse_index,17.1,3.75,1.0
CHEVIOT,BROAD,not_in_nse_index,0.6,0.23,1.0
CHOICEGOLD,BROAD,not_in_nse_index,0.1,0.07,1.0
CHROMATIC,BROAD,not_in_nse_index,0.0,0.0,0.0
CIFL,BROAD,not_in_nse_index,0.3,0.24,1.0
CIGNITITEC,BROAD,not_in_nse_index,0.0,0.0,0.0
CINELINE,BROAD,not_in_nse_index,0.3,0.2,1.0
CINEVISTA,BROAD,not_in_nse_index,0.0,0.01,1.0
CKFSL,BROAD,not_in_nse_index,0.0,0.0,0.0
CLCIND,BROAD,not_in_nse_index,0.0,0.02,0.51
CLEANMAX,BROAD,not_in_nse_index,87.0,42.84,1.0
CLEDUCATE,BROAD,not_in_nse_index,0.1,0.11,1.0
CLNINDIA,BROAD,not_in_nse_index,0.0,0.0,0.0
CLSEL,BROAD,not_in_nse_index,4.7,1.44,1.0
CMICABLES,BROAD,not_in_nse_index,0.0,0.0,0.2
CMLL,BROAD,not_in_nse_index,68.4,14.97,1.0
CMPDI,BROAD,not_in_nse_index,38.3,17.22,1.0
CMRGREEN,BROAD,not_in_nse_index,15.2,7.42,1.0
CMSINFO,BROAD,not_in_nse_index,23.3,13.04,1.0
CNL,BROAD,not_in_nse_index,7.8,2.56,1.0
CNOVAPETRO,BROAD,not_in_nse_index,0.0,0.0,0.0
COAST-RE,BROAD,not_in_nse_index,0.0,0.0,0.0
COASTCORP,BROAD,not_in_nse_index,0.6,0.34,1.0
COCKERILL,BROAD,not_in_nse_index,9.3,3.73,1.0
COFFEEDAY,BROAD,not_in_nse_index,1.8,1.48,1.0
COMFINTE,BROAD,not_in_nse_index,0.3,0.15,1.0
COMMOIETF,BROAD,not_in_nse_index,0.7,0.53,1.0
COMP-RE,BROAD,not_in_nse_index,0.0,0.0,0.0
COMPEAU,BROAD,not_in_nse_index,0.0,0.03,0.69
COMPINFO,BROAD,not_in_nse_index,0.0,0.0,1.0
COMPUSOFT,BROAD,not_in_nse_index,0.0,0.03,1.0
COMSYN,BROAD,not_in_nse_index,26.4,8.62,1.0
CONFIPET,BROAD,not_in_nse_index,31.3,13.32,1.0
CONS,BROAD,not_in_nse_index,0.1,0.07,1.0
CONSOFINVT,BROAD,not_in_nse_index,0.3,0.31,1.0
CONSUMAXIS,BROAD,not_in_nse_index,0.0,0.02,1.0
CONSUMBEES,BROAD,not_in_nse_index,1.2,0.8,1.0
CONSUMER,BROAD,not_in_nse_index,0.5,0.39,1.0
CONSUMIETF,BROAD,not_in_nse_index,0.4,0.31,1.0
CONTROLPR,BROAD,not_in_nse_index,1.6,0.97,1.0
CORALFINAC,BROAD,not_in_nse_index,0.3,0.14,1.0
CORDELIA,BROAD,not_in_nse_index,30.8,14.91,1.0
CORDSCABLE,BROAD,not_in_nse_index,7.8,2.92,1.0
CORONA,BROAD,not_in_nse_index,10.2,4.41,1.0
COSMOFILMS,BROAD,not_in_nse_index,0.0,0.0,0.0
COSMOFIRST,BROAD,not_in_nse_index,9.4,4.31,1.0
COUNCODOS,BROAD,not_in_nse_index,0.0,0.04,1.0
COX&KINGS,BROAD,not_in_nse_index,0.0,0.0,0.0
CPCAP,BROAD,not_in_nse_index,0.6,0.37,1.0
CPEDU,BROAD,not_in_nse_index,0.3,0.17,1.0
CPL,BROAD,not_in_nse_index,0.6,0.11,1.0
CPSEETF,BROAD,not_in_nse_index,8.6,5.92,1.0
CRAMC,BROAD,not_in_nse_index,8.7,4.82,1.0
CRAVATEX,BROAD,not_in_nse_index,0.0,0.02,0.69
CREATIVE,BROAD,not_in_nse_index,0.0,0.0,0.0
CREATIVEYE,BROAD,not_in_nse_index,0.0,0.01,1.0
CREST,BROAD,not_in_nse_index,0.2,0.11,1.0
CRESTO,BROAD,not_in_nse_index,0.1,0.04,0.29
CRIZAC,BROAD,not_in_nse_index,6.2,2.63,1.0
CROWN,BROAD,not_in_nse_index,0.3,0.18,1.0
CRSL,BROAD,not_in_nse_index,0.2,0.12,0.69
CSBBANK,BROAD,not_in_nse_index,21.7,8.36,1.0
CSLFINANCE,BROAD,not_in_nse_index,1.0,0.69,1.0
CSM,BROAD,not_in_nse_index,7.7,2.17,1.0
CTE,BROAD,not_in_nse_index,0.1,0.08,1.0
CUBEXTUB,BROAD,not_in_nse_index,2.6,1.42,1.0
CUPID,BROAD,not_in_nse_index,686.7,200.11,1.0
CURAA,BROAD,not_in_nse_index,0.0,0.0,1.0
CURATECH,BROAD,not_in_nse_index,0.0,0.0,0.0
CYBER-RE,BROAD,not_in_nse_index,0.0,0.0,0.0
CYBERMEDIA,BROAD,not_in_nse_index,0.2,0.1,1.0
CYBERTECH,BROAD,not_in_nse_index,0.2,0.17,1.0
CYIENTDLM,BROAD,not_in_nse_index,53.1,22.52,1.0
DAAWAT,BROAD,not_in_nse_index,0.0,0.0,0.0
DAICHI,BROAD,not_in_nse_index,0.1,0.13,1.0
DALALSTCOM,BROAD,not_in_nse_index,0.0,0.0,0.0
DALMIASUG,BROAD,not_in_nse_index,32.9,7.03,1.0
DAMCAPITAL,BROAD,not_in_nse_index,11.1,2.33,1.0
DAMODARIND,BROAD,not_in_nse_index,0.0,0.01,1.0
DANGEE,BROAD,not_in_nse_index,0.1,0.06,1.0
DATAMATICS,BROAD,not_in_nse_index,10.3,3.54,1.0
DAVAN-RE1,BROAD,not_in_nse_index,0.0,0.0,0.0
DAVANGERE,BROAD,not_in_nse_index,4.5,2.49,1.0
DBCORP,BROAD,not_in_nse_index,1.6,0.92,1.0
DBEIL,BROAD,not_in_nse_index,0.2,0.14,1.0
DBL,BROAD,not_in_nse_index,18.6,4.78,1.0
DBOL,BROAD,not_in_nse_index,3.7,1.81,1.0
DBREALTY,BROAD,not_in_nse_index,10.5,6.99,1.0
DBSTOCKBRO,BROAD,not_in_nse_index,0.1,0.06,1.0
DCAL,BROAD,not_in_nse_index,5.5,2.66,1.0
DCBBANK,BROAD,not_in_nse_index,45.8,21.81,1.0
DCI,BROAD,not_in_nse_index,10.1,2.85,1.0
DCM,BROAD,not_in_nse_index,0.1,0.09,1.0
DCMFINSERV,BROAD,not_in_nse_index,0.0,0.01,1.0
DCMNVL,BROAD,not_in_nse_index,0.4,0.27,1.0
DCMSIL,BROAD,not_in_nse_index,0.7,0.51,1.0
DCMSRIND,BROAD,not_in_nse_index,1.4,0.74,1.0
DCW,BROAD,not_in_nse_index,7.4,3.08,1.0
DCXINDIA,BROAD,not_in_nse_index,7.4,3.24,1.0
DDEVPLSTIK,BROAD,not_in_nse_index,4.1,2.16,1.0
DECCANCE,BROAD,not_in_nse_index,1.7,0.95,1.0
DECNGOLD,BROAD,not_in_nse_index,48.8,17.14,1.0
DEEDEV,BROAD,not_in_nse_index,14.0,8.93,1.0
DEEP,BROAD,not_in_nse_index,0.1,0.06,0.69
DEEPA,BROAD,not_in_nse_index,59.9,15.08,0.33
DEEPENR,BROAD,not_in_nse_index,0.0,0.0,0.0
DEEPINDS,BROAD,not_in_nse_index,46.9,16.85,1.0
DEFENCE,BROAD,not_in_nse_index,2.0,1.29,1.0
DELPH-RE,BROAD,not_in_nse_index,0.0,0.0,0.0
DELPHIFX,BROAD,not_in_nse_index,0.1,0.07,1.0
DELTACORP,BROAD,not_in_nse_index,22.3,6.42,1.0
DELTAMAGNT,BROAD,not_in_nse_index,0.1,0.03,1.0
DEN,BROAD,not_in_nse_index,0.8,0.47,1.0
DENORA,BROAD,not_in_nse_index,0.5,0.26,1.0
DENTA,BROAD,not_in_nse_index,6.1,2.34,1.0
DEVIT,BROAD,not_in_nse_index,0.1,0.08,1.0
DEVX,BROAD,not_in_nse_index,0.4,0.34,1.0
DFMFOODS,BROAD,not_in_nse_index,0.0,0.0,0.0
DGCONTENT,BROAD,not_in_nse_index,0.1,0.06,1.0
DHABRIYA,BROAD,not_in_nse_index,0.6,0.44,0.69
DHAMPURSUG,BROAD,not_in_nse_index,19.8,6.22,1.0
DHAN-RE,BROAD,not_in_nse_index,0.0,0.0,0.0
DHANBANK,BROAD,not_in_nse_index,3.0,1.19,1.0
DHANI,BROAD,not_in_nse_index,0.0,0.0,0.0
DHANUKA,BROAD,not_in_nse_index,3.1,1.45,1.0
DHANVARSHA,BROAD,not_in_nse_index,0.0,0.0,0.0
DHARAMSI,BROAD,not_in_nse_index,0.0,0.0,0.0
DHARAN,BROAD,not_in_nse_index,0.2,0.19,1.0
DHARMAJ,BROAD,not_in_nse_index,1.8,1.36,1.0
DHARSUGAR,BROAD,not_in_nse_index,0.0,0.0,0.0
DHATRE,BROAD,not_in_nse_index,0.0,0.01,0.69
DHFL,BROAD,not_in_nse_index,0.0,0.0,0.0
DHOOTTRANS,BROAD,not_in_nse_index,504.5,128.02,0.69
DHRUV,BROAD,not_in_nse_index,0.0,0.01,1.0
DHUNINV,BROAD,not_in_nse_index,0.4,0.13,1.0
DIACABS,BROAD,not_in_nse_index,64.4,49.67,1.0
DIAMINESQ,BROAD,not_in_nse_index,0.3,0.12,1.0
DIAMONDYD,BROAD,not_in_nse_index,4.8,3.16,1.0
DIAPOWER,BROAD,not_in_nse_index,0.0,0.0,0.0
DICIND,BROAD,not_in_nse_index,0.8,0.37,1.0
DIFFNKG,BROAD,not_in_nse_index,20.1,4.71,1.0
DIGIDRIVE,BROAD,not_in_nse_index,0.0,0.03,1.0
DIGISPICE,BROAD,not_in_nse_index,0.2,0.12,1.0
DIGITIDE,BROAD,not_in_nse_index,2.9,1.22,1.0
DIGJAMLMTD,BROAD,not_in_nse_index,0.4,0.21,1.0
DIGJAMLTD,BROAD,not_in_nse_index,0.0,0.0,0.0
DIL,BROAD,not_in_nse_index,0.0,0.0,0.11
DIL-RE,BROAD,not_in_nse_index,0.0,0.0,0.0
DISAQ,BROAD,not_in_nse_index,0.5,0.19,1.0
DISHTV,BROAD,not_in_nse_index,0.3,0.28,1.0
DIVGIITTS,BROAD,not_in_nse_index,25.1,8.93,1.0
DIVIDEND,BROAD,not_in_nse_index,0.0,0.02,1.0
DIVOPPBEES,BROAD,not_in_nse_index,0.4,0.25,1.0
DJML,BROAD,not_in_nse_index,3.1,0.74,1.0
DLINKINDIA,BROAD,not_in_nse_index,6.0,1.94,1.0
DMCC,BROAD,not_in_nse_index,3.6,1.44,1.0
DNAMEDIA,BROAD,not_in_nse_index,0.0,0.01,1.0
DODLA,BROAD,not_in_nse_index,3.3,1.82,1.0
DOLAT,BROAD,not_in_nse_index,0.0,0.0,0.0
DOLATALGO,BROAD,not_in_nse_index,1.1,0.63,1.0
DOLLAR,BROAD,not_in_nse_index,3.4,1.91,1.0
DOLLEX,BROAD,not_in_nse_index,0.1,0.04,0.27
DOLPHIN,BROAD,not_in_nse_index,6.1,2.86,1.0
DONEAR,BROAD,not_in_nse_index,0.2,0.12,1.0
DPABHUSHAN,BROAD,not_in_nse_index,7.6,2.67,1.0
DPSCLTD,BROAD,not_in_nse_index,0.1,0.06,1.0
DPWIRES,BROAD,not_in_nse_index,0.1,0.11,1.0
DQE,BROAD,not_in_nse_index,0.0,0.0,0.0
DRAGARWQ,BROAD,not_in_nse_index,0.9,0.61,1.0
DRCSYSTEMS,BROAD,not_in_nse_index,0.1,0.05,1.0
DREAMFOLKS,BROAD,not_in_nse_index,0.4,0.2,1.0
DREDGECORP,BROAD,not_in_nse_index,16.2,6.12,1.0
DSFCL,BROAD,not_in_nse_index,0.1,0.12,1.0
DSKULKARNI,BROAD,not_in_nse_index,0.0,0.0,0.76
DSPBANKETF,BROAD,not_in_nse_index,0.0,0.0,0.0
DSPGOLDETF,BROAD,not_in_nse_index,0.0,0.0,0.0
DSPITETF,BROAD,not_in_nse_index,0.0,0.0,0.0
DSPN50ETF,BROAD,not_in_nse_index,0.0,0.0,0.0
DSPNEWETF,BROAD,not_in_nse_index,0.0,0.0,0.0
DSPPSBKETF,BROAD,not_in_nse_index,0.0,0.0,0.0
DSPPVBKETF,BROAD,not_in_nse_index,0.0,0.0,0.0
DSPQ50ETF,BROAD,not_in_nse_index,0.0,0.0,0.0
DSPSENXETF,BROAD,not_in_nse_index,0.0,0.0,0.0
DSPSILVETF,BROAD,not_in_nse_index,0.0,0.0,0.0
DSSL,BROAD,not_in_nse_index,3.2,1.88,1.0
DTIL,BROAD,not_in_nse_index,0.4,0.17,1.0
DUCON,BROAD,not_in_nse_index,0.4,0.29,1.0
DUCON-RE,BROAD,not_in_nse_index,0.0,0.0,0.0
DUCON-RE1,BROAD,not_in_nse_index,0.0,0.01,0.07
DVL,BROAD,not_in_nse_index,0.9,0.45,1.0
DWARKESH,BROAD,not_in_nse_index,22.4,4.91,1.0
DYCL,BROAD,not_in_nse_index,42.0,11.25,1.0
DYNAMATECH,BROAD,not_in_nse_index,24.9,10.01,1.0
DYNPRO,BROAD,not_in_nse_index,0.4,0.31,1.0
DYNPRO-RE,BROAD,not_in_nse_index,0.0,0.0,0.0
E2E,BROAD,not_in_nse_index,69.8,49.31,1.0
EASEMYTRIP,BROAD,not_in_nse_index,10.9,4.19,1.0
EASTSILK,BROAD,not_in_nse_index,0.0,0.01,1.0
EASTWEST,BROAD,not_in_nse_index,0.0,0.01,0.69
EASUNREYRL,BROAD,not_in_nse_index,0.0,0.0,0.0
EBANK,BROAD,not_in_nse_index,0.0,0.0,0.0
EBANK10,BROAD,not_in_nse_index,0.1,0.11,0.87
EBANKNIFTY,BROAD,not_in_nse_index,0.0,0.01,1.0
EBBETF0423,BROAD,not_in_nse_index,0.0,0.0,0.0
EBBETF0425,BROAD,not_in_nse_index,0.0,0.0,0.0
EBBETF0430,BROAD,not_in_nse_index,2.4,2.01,1.0
EBBETF0431,BROAD,not_in_nse_index,0.9,0.79,1.0
EBBETF0433,BROAD,not_in_nse_index,0.8,0.64,1.0
EBGNG,BROAD,not_in_nse_index,49.1,19.56,1.0
EBIX,BROAD,not_in_nse_index,0.1,0.07,0.69
EBIXFOREX,BROAD,not_in_nse_index,0.0,0.0,0.0
ECAPINSURE,BROAD,not_in_nse_index,0.1,0.11,1.0
ECORECO,BROAD,not_in_nse_index,0.3,0.2,0.69
ECOSMOBLTY,BROAD,not_in_nse_index,0.8,0.66,1.0
EDELWEISS,BROAD,not_in_nse_index,94.7,39.99,1.0
EDUCOMP,BROAD,not_in_nse_index,0.0,0.0,0.2
EFCIL,BROAD,not_in_nse_index,6.3,3.75,1.0
EFCIL-RE,BROAD,not_in_nse_index,0.0,0.0,0.0
EGOLD,BROAD,not_in_nse_index,3.0,2.64,1.0
EIEL,BROAD,not_in_nse_index,24.3,7.61,1.0
EIFFL,BROAD,not_in_nse_index,0.2,0.21,1.0
EIHAHOTELS,BROAD,not_in_nse_index,0.6,0.33,1.0
EIMCOELECO,BROAD,not_in_nse_index,7.8,3.85,1.0
EKC,BROAD,not_in_nse_index,8.3,1.29,1.0
EKI,BROAD,not_in_nse_index,0.5,0.19,0.69
ELANTAS,BROAD,not_in_nse_index,6.6,2.11,1.0
ELCIDIN,BROAD,not_in_nse_index,0.1,0.09,1.0
ELDEHSG,BROAD,not_in_nse_index,0.4,0.14,1.0
ELECTCAST,BROAD,not_in_nse_index,21.5,9.1,1.0
ELECTHERM,BROAD,not_in_nse_index,2.3,1.67,1.0
ELGIRUBCO,BROAD,not_in_nse_index,0.4,0.21,1.0
ELIN,BROAD,not_in_nse_index,2.1,1.03,1.0
ELIQUID,BROAD,not_in_nse_index,3.3,2.69,1.0
ELITECON,BROAD,not_in_nse_index,6.1,3.56,1.0
ELLEN,BROAD,not_in_nse_index,36.5,14.92,1.0
ELM250,BROAD,not_in_nse_index,0.3,0.25,1.0
ELMDIV,BROAD,not_in_nse_index,0.3,0.33,0.87
ELPROINTL,BROAD,not_in_nse_index,0.7,0.64,1.0
EMAMIPAP,BROAD,not_in_nse_index,0.5,0.48,1.0
EMAMIREAL,BROAD,not_in_nse_index,0.1,0.08,1.0
EMBDL,BROAD,not_in_nse_index,16.9,8.27,1.0
EMCO,BROAD,not_in_nse_index,0.0,0.0,0.0
EMETAL,BROAD,not_in_nse_index,0.0,0.01,1.0
EMIL,BROAD,not_in_nse_index,148.2,32.36,1.0
EMKAY,BROAD,not_in_nse_index,1.1,0.6,1.0
EMMBI,BROAD,not_in_nse_index,0.1,0.08,1.0
EMPIND,BROAD,not_in_nse_index,0.4,0.25,0.69
EMPOWER,BROAD,not_in_nse_index,2.1,1.41,1.0
EMSLIMITED,BROAD,not_in_nse_index,19.6,3.65,1.0
EMUDHRA,BROAD,not_in_nse_index,71.3,9.64,1.0
EMULTIMQ,BROAD,not_in_nse_index,0.1,0.12,1.0
ENERGY,BROAD,not_in_nse_index,1.5,1.09,1.0
ENERGYAXIS,BROAD,not_in_nse_index,0.0,0.01,0.42
ENERGYDEV,BROAD,not_in_nse_index,0.0,0.03,1.0
ENEXT50,BROAD,not_in_nse_index,0.0,0.01,1.0
ENIFTY,BROAD,not_in_nse_index,0.0,0.02,1.0
ENIL,BROAD,not_in_nse_index,0.3,0.25,1.0
ENKEIWHEL,BROAD,not_in_nse_index,0.1,0.07,0.69
ENTERO,BROAD,not_in_nse_index,53.3,21.59,1.0
EPACK,BROAD,not_in_nse_index,7.8,3.53,1.0
EPACKPEB,BROAD,not_in_nse_index,28.9,7.72,1.0
EPIGRAL,BROAD,not_in_nse_index,6.7,3.4,1.0
EPL,BROAD,not_in_nse_index,135.8,76.99,1.0
EQ30,BROAD,not_in_nse_index,0.0,0.0,0.0
EQUAL200,BROAD,not_in_nse_index,0.1,0.05,1.0
EQUAL50,BROAD,not_in_nse_index,0.2,0.16,1.0
EQUAL50ADD,BROAD,not_in_nse_index,0.9,0.68,1.0
EQUIPPP,BROAD,not_in_nse_index,0.0,0.04,1.0
EQUITAS,BROAD,not_in_nse_index,0.0,0.0,0.0
EQUITASBNK,BROAD,not_in_nse_index,17.6,8.8,1.0
EROSMEDIA,BROAD,not_in_nse_index,0.0,0.0,0.0
ESABINDIA,BROAD,not_in_nse_index,3.9,1.9,1.0
ESAFSFB,BROAD,not_in_nse_index,9.9,3.98,1.0
ESDS,BROAD,not_in_nse_index,209.0,64.95,0.38
ESENSEX,BROAD,not_in_nse_index,0.0,0.01,1.0
ESG,BROAD,not_in_nse_index,0.1,0.08,1.0
ESILVER,BROAD,not_in_nse_index,3.5,2.87,1.0
ESSARSHPNG,BROAD,not_in_nse_index,0.5,0.3,1.0
ESSEN-RE,BROAD,not_in_nse_index,0.0,0.0,0.0
ESSEN-RE1,BROAD,not_in_nse_index,0.0,0.0,0.0
ESSEN-RE2,BROAD,not_in_nse_index,0.0,0.0,0.0
ESSEN-RE3,BROAD,not_in_nse_index,0.0,0.0,0.0
ESSENTIA,BROAD,not_in_nse_index,0.5,0.26,1.0
ESTER,BROAD,not_in_nse_index,1.7,0.69,1.0
ETHOS-RE,BROAD,not_in_nse_index,0.0,0.0,0.0
ETHOSLTD,BROAD,not_in_nse_index,29.3,7.88,1.0
EUREKAFORB,BROAD,not_in_nse_index,7.6,4.07,1.0
EUROBOND,BROAD,not_in_nse_index,0.1,0.08,1.0
EUROCERA,BROAD,not_in_nse_index,0.0,0.0,0.0
EUROMULTI,BROAD,not_in_nse_index,0.0,0.0,0.0
EUROPRATIK,BROAD,not_in_nse_index,5.3,1.65,1.0
EUROTEXIND,BROAD,not_in_nse_index,0.0,0.0,0.78
EVEREADY,BROAD,not_in_nse_index,4.2,2.14,1.0
EVERESTIND,BROAD,not_in_nse_index,0.5,0.51,1.0
EVIETF,BROAD,not_in_nse_index,0.7,0.48,1.0
EVINDIA,BROAD,not_in_nse_index,1.0,0.72,1.0
EXCEL,BROAD,not_in_nse_index,0.0,0.0,0.0
EXCELINDUS,BROAD,not_in_nse_index,3.9,0.82,1.0
EXCELSOFT,BROAD,not_in_nse_index,10.2,2.87,1.0
EXICOM,BROAD,not_in_nse_index,25.0,8.73,1.0
EXICOM-RE,BROAD,not_in_nse_index,0.0,0.0,0.0
EXPLEOSOL,BROAD,not_in_nse_index,20.5,2.71,1.0
EXXARO,BROAD,not_in_nse_index,0.4,0.27,1.0
FABTECH,BROAD,not_in_nse_index,1.2,0.6,1.0
FAIRCHEMOR,BROAD,not_in_nse_index,0.9,0.92,1.0
FAZE3Q,BROAD,not_in_nse_index,1.5,0.9,1.0
FCL,BROAD,not_in_nse_index,100.1,31.07,1.0
FCONSUMER,BROAD,not_in_nse_index,0.0,0.01,0.11
FCSSOFT,BROAD,not_in_nse_index,0.3,0.18,1.0
FDC,BROAD,not_in_nse_index,8.0,3.75,1.0
FEDDERSHOL,BROAD,not_in_nse_index,25.8,3.73,1.0
FEDFINA,BROAD,not_in_nse_index,13.8,7.19,1.0
FEL,BROAD,not_in_nse_index,0.0,0.01,1.0
FELDVR,BROAD,not_in_nse_index,0.0,0.0,1.0
FERMENTA,BROAD,not_in_nse_index,14.1,5.02,1.0
FIBERWEB,BROAD,not_in_nse_index,0.1,0.05,1.0
FIEMIND,BROAD,not_in_nse_index,22.2,10.78,1.0
FILATEX,BROAD,not_in_nse_index,47.1,15.75,1.0
FILATFASH,BROAD,not_in_nse_index,0.4,0.28,1.0
FINEORG,BROAD,not_in_nse_index,16.1,9.44,1.0
FINIETF,BROAD,not_in_nse_index,1.1,0.69,1.0
FINKURVE,BROAD,not_in_nse_index,1.3,0.62,1.0
FINOPB,BROAD,not_in_nse_index,4.6,1.46,1.0
FINPIPE,BROAD,not_in_nse_index,7.3,3.6,1.0
FISCHER,BROAD,not_in_nse_index,5.0,2.41,1.0
FLAIR,BROAD,not_in_nse_index,3.0,1.86,1.0
FLEXIADD,BROAD,not_in_nse_index,0.1,0.09,1.0
FLEXITUFF,BROAD,not_in_nse_index,0.0,0.02,1.0
FLFL,BROAD,not_in_nse_index,0.0,0.0,1.0
FMCGADD,BROAD,not_in_nse_index,0.1,0.05,1.0
FMCGIETF,BROAD,not_in_nse_index,8.0,5.62,1.0
FMGOETZE,BROAD,not_in_nse_index,100.7,15.08,1.0
FMNL,BROAD,not_in_nse_index,0.0,0.04,1.0
FOCUS,BROAD,not_in_nse_index,0.3,0.25,1.0
FOODSIN,BROAD,not_in_nse_index,0.5,0.39,1.0
FOSECOIND,BROAD,not_in_nse_index,15.8,4.3,1.0
FRACTAL,BROAD,not_in_nse_index,26.1,13.81,1.0
FREDUN,BROAD,not_in_nse_index,4.8,2.39,0.69
FRETAIL,BROAD,not_in_nse_index,0.0,0.0,0.0
FRONTSP,BROAD,not_in_nse_index,10.3,2.41,1.0
FSC,BROAD,not_in_nse_index,0.0,0.0,0.0
FUSI-RE,BROAD,not_in_nse_index,0.0,0.0,0.0
FUSION,BROAD,not_in_nse_index,14.0,7.25,1.0
G5,BROAD,not_in_nse_index,0.0,0.0,0.0
GACMDVR-RE,BROAD,not_in_nse_index,0.0,0.0,0.0
GAEL,BROAD,not_in_nse_index,23.4,10.31,1.0
GAJA,BROAD,not_in_nse_index,46.6,13.6,0.53
GAL,BROAD,not_in_nse_index,0.0,0.0,0.0
GAL-RE,BROAD,not_in_nse_index,0.0,0.0,0.0
GALAPREC,BROAD,not_in_nse_index,5.0,2.22,1.0
GALAXYSURF,BROAD,not_in_nse_index,14.4,5.23,1.0
GALLISPAT,BROAD,not_in_nse_index,0.0,0.0,0.0
GAMMNINFRA,BROAD,not_in_nse_index,0.0,0.0,0.0
GANDHAR,BROAD,not_in_nse_index,40.1,13.39,1.0
GANDHITUBE,BROAD,not_in_nse_index,1.6,0.8,1.0
GANECOS,BROAD,not_in_nse_index,11.5,5.0,1.0
GANESHBE,BROAD,not_in_nse_index,6.1,2.89,1.0
GANESHCP,BROAD,not_in_nse_index,3.3,1.7,1.0
GANESHHOU,BROAD,not_in_nse_index,3.0,1.5,1.0
GANESHHOUC,BROAD,not_in_nse_index,0.0,0.0,0.0
GANGAFO-RE,BROAD,not_in_nse_index,0.0,0.0,0.0
GANGAFORGE,BROAD,not_in_nse_index,1.4,0.99,1.0
GANGESSECU,BROAD,not_in_nse_index,0.0,0.02,0.98
GANGOTRI,BROAD,not_in_nse_index,0.0,0.0,0.0
GARDENSILK,BROAD,not_in_nse_index,0.0,0.0,0.0
GARFIBRES,BROAD,not_in_nse_index,5.1,2.3,1.0
GARUDA,BROAD,not_in_nse_index,19.2,4.7,1.0
GATDVR-RE,BROAD,not_in_nse_index,0.0,0.0,0.0
GATECH,BROAD,not_in_nse_index,2.5,2.38,1.0
GATECH-RE,BROAD,not_in_nse_index,0.0,0.0,0.0
GATECH-RE1,BROAD,not_in_nse_index,0.0,0.0,0.0
GATECHDVR,BROAD,not_in_nse_index,0.0,0.03,1.0
GATEWAY,BROAD,not_in_nse_index,5.9,3.48,1.0
GATI,BROAD,not_in_nse_index,0.0,0.0,0.0
GAUDIUMIVF,BROAD,not_in_nse_index,1.8,1.51,1.0
GAYAHWS,BROAD,not_in_nse_index,0.0,0.03,1.0
GAYAPROJ,BROAD,not_in_nse_index,2.0,1.47,1.0
GBGLOBAL,BROAD,not_in_nse_index,0.0,0.0,0.0
GCSL,BROAD,not_in_nse_index,37.8,14.22,1.0
GDL,BROAD,not_in_nse_index,0.0,0.0,0.0
GEECEE,BROAD,not_in_nse_index,0.1,0.12,1.0
GEEKAYWIRE,BROAD,not_in_nse_index,0.8,0.39,1.0
GEMAROMA,BROAD,not_in_nse_index,1.6,0.9,1.0
GENCON,BROAD,not_in_nse_index,1.4,0.28,1.0
GENESYS,BROAD,not_in_nse_index,43.5,8.89,1.0
GENESYS-RE,BROAD,not_in_nse_index,0.6,0.56,0.07
GENSOL,BROAD,not_in_nse_index,0.1,0.13,0.91
GENUSPAPER,BROAD,not_in_nse_index,0.2,0.11,1.0
GENUSPOWER,BROAD,not_in_nse_index,73.5,31.22,1.0
GEOJIT-RE,BROAD,not_in_nse_index,0.0,0.0,0.0
GEOJITFSL,BROAD,not_in_nse_index,3.0,1.49,1.0
GEPIL,BROAD,not_in_nse_index,0.0,0.0,0.0
GET&D,BROAD,not_in_nse_index,0.0,0.0,0.0
GFLLIMITED,BROAD,not_in_nse_index,0.7,0.36,1.0
GFSTEELS,BROAD,not_in_nse_index,0.0,0.01,0.47
GHCL,BROAD,not_in_nse_index,6.1,3.53,1.0
GHCLTEXTIL,BROAD,not_in_nse_index,12.7,5.29,1.0
GICHSGFIN,BROAD,not_in_nse_index,1.3,0.75,1.0
GICL,BROAD,not_in_nse_index,0.5,0.36,1.0
GILLANDERS,BROAD,not_in_nse_index,0.1,0.07,1.0
GILT10BETA,BROAD,not_in_nse_index,0.1,0.06,1.0
GILT5BETA,BROAD,not_in_nse_index,0.1,0.08,0.98
GILT5YBEES,BROAD,not_in_nse_index,1.3,0.91,1.0
GINNIFILA,BROAD,not_in_nse_index,0.2,0.21,1.0
GIPCL,BROAD,not_in_nse_index,15.1,6.75,1.0
GISO-RE,BROAD,not_in_nse_index,0.0,0.0,0.0
GISOLUTION,BROAD,not_in_nse_index,0.0,0.0,0.0
GKB,BROAD,not_in_nse_index,0.0,0.02,0.64
GKENERGY,BROAD,not_in_nse_index,7.7,2.85,1.0
GKSL,BROAD,not_in_nse_index,11.2,4.33,1.0
GKWLIMITED,BROAD,not_in_nse_index,0.2,0.16,1.0
GLASSWALL,BROAD,not_in_nse_index,254.5,24.17,0.22
GLFL,BROAD,not_in_nse_index,0.0,0.0,1.0
GLOBAL,BROAD,not_in_nse_index,2.0,1.21,1.0
GLOBALE,BROAD,not_in_nse_index,0.0,0.0,1.0
GLOBALVECT,BROAD,not_in_nse_index,0.2,0.09,1.0
GLOBE,BROAD,not_in_nse_index,0.2,0.12,1.0
GLOBE-RE,BROAD,not_in_nse_index,0.0,0.0,0.0
GLOBE-RE1,BROAD,not_in_nse_index,0.0,0.0,0.0
GLOBECIVIL,BROAD,not_in_nse_index,0.3,0.17,1.0
GLOBOFFS,BROAD,not_in_nse_index,0.0,0.0,0.0
GLOBUSSPR,BROAD,not_in_nse_index,8.0,4.47,1.0
GLOSTERLTD,BROAD,not_in_nse_index,0.1,0.08,1.0
GLOTTIS,BROAD,not_in_nse_index,0.4,0.28,1.0
GLS,BROAD,not_in_nse_index,0.0,0.0,0.0
GMBREW,BROAD,not_in_nse_index,2.7,1.48,1.0
GMMPFAUDLR,BROAD,not_in_nse_index,57.7,20.65,1.0
GMRINFRA,BROAD,not_in_nse_index,0.0,0.0,0.0
GMRP&UI,BROAD,not_in_nse_index,13.6,6.59,1.0
GNA,BROAD,not_in_nse_index,37.1,12.92,1.0
GNFC,BROAD,not_in_nse_index,53.7,21.43,1.0
GNRL,BROAD,not_in_nse_index,3.0,1.68,1.0
GOACARBON,BROAD,not_in_nse_index,2.6,0.85,1.0
GOCLCORP,BROAD,not_in_nse_index,13.9,3.52,1.0
GOCOLORS,BROAD,not_in_nse_index,7.0,2.3,1.0
GODAVARIB,BROAD,not_in_nse_index,13.9,1.71,1.0
GODHA,BROAD,not_in_nse_index,0.0,0.0,0.0
GODHA-RE,BROAD,not_in_nse_index,0.0,0.0,0.0
GODREJAGRO,BROAD,not_in_nse_index,38.0,9.42,1.0
GOENKA,BROAD,not_in_nse_index,0.0,0.0,0.0
GOKEX,BROAD,not_in_nse_index,20.9,10.62,1.0
GOKUL,BROAD,not_in_nse_index,0.8,0.2,1.0
GOKUL-RE,BROAD,not_in_nse_index,0.0,0.0,0.0
GOKULAGRO,BROAD,not_in_nse_index,15.1,5.24,1.0
GOLD1,BROAD,not_in_nse_index,31.1,19.29,1.0
GOLD360,BROAD,not_in_nse_index,0.4,0.25,1.0
GOLDADD,BROAD,not_in_nse_index,12.8,9.41,1.0
GOLDAXIS,BROAD,not_in_nse_index,29.8,20.24,1.0
GOLDBEES,BROAD,not_in_nse_index,314.8,155.67,1.0
GOLDBETA,BROAD,not_in_nse_index,8.1,5.35,1.0
GOLDBND,BROAD,not_in_nse_index,0.4,0.36,1.0
GOLDCASE,BROAD,not_in_nse_index,25.2,12.46,1.0
GOLDENTOBC,BROAD,not_in_nse_index,0.0,0.0,1.0
GOLDETF,BROAD,not_in_nse_index,21.0,11.78,1.0
GOLDETFADD,BROAD,not_in_nse_index,0.0,0.0,0.0
GOLDIAM,BROAD,not_in_nse_index,31.2,12.85,1.0
GOLDIETF,BROAD,not_in_nse_index,82.1,48.25,1.0
GOLDSHARE,BROAD,not_in_nse_index,0.0,0.0,0.0
GOLDTECH,BROAD,not_in_nse_index,0.1,0.09,1.0
GOODLUCK,BROAD,not_in_nse_index,38.5,17.1,1.0
GOODYEAR,BROAD,not_in_nse_index,0.9,0.53,1.0
GOPAL,BROAD,not_in_nse_index,4.6,1.88,1.0
GOYALALUM,BROAD,not_in_nse_index,0.0,0.03,1.0
GPPL,BROAD,not_in_nse_index,31.0,15.31,1.0
GPTHEALTH,BROAD,not_in_nse_index,2.6,1.29,1.0
GPTINFRA,BROAD,not_in_nse_index,2.6,0.88,1.0
GRADIENTE,BROAD,not_in_nse_index,0.4,0.25,1.0
GRANDOAK,BROAD,not_in_nse_index,0.0,0.01,1.0
GRASIM-RE,BROAD,not_in_nse_index,0.0,0.0,0.0
GRAUWEIL,BROAD,not_in_nse_index,6.5,2.28,1.0
GRAVISSHO,BROAD,not_in_nse_index,0.1,0.1,1.0
GREAVESCOT,BROAD,not_in_nse_index,43.0,14.82,1.0
GREEN-RE,BROAD,not_in_nse_index,0.0,0.0,0.0
GREEN-RE1,BROAD,not_in_nse_index,0.0,0.0,0.0
GREENLAM,BROAD,not_in_nse_index,3.4,1.59,1.0
GREENPANEL,BROAD,not_in_nse_index,6.0,3.77,1.0
GREENPLY,BROAD,not_in_nse_index,5.1,3.02,1.0
GREENPOWER,BROAD,not_in_nse_index,2.8,1.04,1.0
GRINDWELL,BROAD,not_in_nse_index,6.4,3.78,1.0
GRINFRA,BROAD,not_in_nse_index,3.3,1.22,1.0
GRMOVER,BROAD,not_in_nse_index,10.6,2.77,1.0
GROBTEA,BROAD,not_in_nse_index,0.0,0.02,1.0
GROWEV,BROAD,not_in_nse_index,0.0,0.0,0.0
GROWWCAPM,BROAD,not_in_nse_index,0.6,0.45,1.0
GROWWCHEM,BROAD,not_in_nse_index,3.1,3.03,1.0
GROWWDEFNC,BROAD,not_in_nse_index,2.5,1.43,1.0
GROWWEV,BROAD,not_in_nse_index,1.3,0.85,1.0
GROWWGOLD,BROAD,not_in_nse_index,3.3,1.69,1.0
GROWWHOSPI,BROAD,not_in_nse_index,2.1,1.52,1.0
GROWWLIQID,BROAD,not_in_nse_index,3.6,2.54,1.0
GROWWLOVOL,BROAD,not_in_nse_index,0.0,0.01,1.0
GROWWMC150,BROAD,not_in_nse_index,0.0,0.03,1.0
GROWWMETAL,BROAD,not_in_nse_index,0.6,0.31,1.0
GROWWMOM50,BROAD,not_in_nse_index,0.3,0.22,1.0
GROWWN200,BROAD,not_in_nse_index,0.1,0.06,1.0
GROWWNET,BROAD,not_in_nse_index,0.8,0.61,1.0
GROWWNIFTY,BROAD,not_in_nse_index,0.7,0.49,1.0
GROWWNXT50,BROAD,not_in_nse_index,0.1,0.04,1.0
GROWWPOWER,BROAD,not_in_nse_index,3.2,2.25,1.0
GROWWPSE,BROAD,not_in_nse_index,0.1,0.04,1.0
GROWWPSUBK,BROAD,not_in_nse_index,0.0,0.03,1.0
GROWWRAIL,BROAD,not_in_nse_index,2.2,1.56,1.0
GROWWRLTY,BROAD,not_in_nse_index,0.4,0.29,1.0
GROWWSC250,BROAD,not_in_nse_index,0.2,0.12,1.0
GROWWSLVR,BROAD,not_in_nse_index,4.0,1.52,1.0
GRPLTD,BROAD,not_in_nse_index,0.4,0.31,1.0
GRWRHITECH,BROAD,not_in_nse_index,51.3,23.14,1.0
GSCLCEMENT,BROAD,not_in_nse_index,0.0,0.0,0.0
GSEC10ABSL,BROAD,not_in_nse_index,0.0,0.0,0.49
GSEC10ADD,BROAD,not_in_nse_index,0.1,0.1,0.44
GSEC10IETF,BROAD,not_in_nse_index,0.1,0.13,0.98
GSEC10YEAR,BROAD,not_in_nse_index,0.0,0.01,1.0
GSEC5IETF,BROAD,not_in_nse_index,0.1,0.04,1.0
GSFC,BROAD,not_in_nse_index,14.5,7.36,1.0
GSLSU,BROAD,not_in_nse_index,0.3,0.24,1.0
GSPCROP,BROAD,not_in_nse_index,20.7,5.6,1.0
GSPL,BROAD,not_in_nse_index,0.0,0.0,0.0
GSS,BROAD,not_in_nse_index,0.1,0.05,1.0
GTECJAINX,BROAD,not_in_nse_index,0.0,0.02,1.0
GTL,BROAD,not_in_nse_index,0.2,0.1,1.0
GTLINFRA,BROAD,not_in_nse_index,4.0,1.8,1.0
GTNIND,BROAD,not_in_nse_index,0.0,0.0,0.0
GTNTEX,BROAD,not_in_nse_index,0.0,0.0,0.0
GTPL,BROAD,not_in_nse_index,0.5,0.32,1.0
GUFICBIO,BROAD,not_in_nse_index,4.7,2.27,1.0
GUJALKALI,BROAD,not_in_nse_index,8.8,3.2,1.0
GUJAPOLLO,BROAD,not_in_nse_index,0.5,0.33,1.0
GUJENERGY,BROAD,not_in_nse_index,48.3,27.72,1.0
GUJGASLTD,BROAD,not_in_nse_index,0.0,0.0,0.0
GUJRAFFIA,BROAD,not_in_nse_index,0.0,0.01,1.0
GUJTHEM,BROAD,not_in_nse_index,18.8,10.32,1.0
GULFOILLUB,BROAD,not_in_nse_index,9.5,4.71,1.0
GULFPETRO,BROAD,not_in_nse_index,1.5,1.54,1.0
GULPOLY,BROAD,not_in_nse_index,7.0,3.11,1.0
GVKPIL,BROAD,not_in_nse_index,0.2,0.21,1.0
GVPIL,BROAD,not_in_nse_index,15.4,8.01,1.0
GVPTECH,BROAD,not_in_nse_index,0.1,0.06,1.0
GVPTECH-RE,BROAD,not_in_nse_index,0.0,0.0,0.0
GYFTR,BROAD,not_in_nse_index,1.5,0.83,1.0
HALDER,BROAD,not_in_nse_index,0.7,0.19,1.0
HALDYNGL,BROAD,not_in_nse_index,0.8,0.71,1.0
HALEOSLABS,BROAD,not_in_nse_index,0.1,0.1,0.98
HAMPTON,BROAD,not_in_nse_index,0.1,0.05,0.69
HAPPSTMNDS,BROAD,not_in_nse_index,81.9,26.43,1.0
HAPPYFORGE,BROAD,not_in_nse_index,23.4,12.43,1.0
HARDWYN,BROAD,not_in_nse_index,1.8,0.9,1.0
HARIOMPIPE,BROAD,not_in_nse_index,4.0,1.95,1.0
HARITASEAT,BROAD,not_in_nse_index,0.0,0.0,0.0
HARRMALAYA,BROAD,not_in_nse_index,0.3,0.19,1.0
HARSHA,BROAD,not_in_nse_index,8.3,4.04,1.0
HATHWAY,BROAD,not_in_nse_index,1.5,0.74,1.0
HATSUN,BROAD,not_in_nse_index,10.5,4.16,1.0
HATSUN-RE,BROAD,not_in_nse_index,0.0,0.0,0.0
HAVISHA,BROAD,not_in_nse_index,0.0,0.01,1.0
HAWKINCOOK,BROAD,not_in_nse_index,2.0,1.27,1.0
HAZOOR,BROAD,not_in_nse_index,0.7,0.37,0.69
HBANKETF,BROAD,not_in_nse_index,0.0,0.0,0.0
HBESD,BROAD,not_in_nse_index,0.0,0.01,1.0
HBLPOWER,BROAD,not_in_nse_index,0.0,0.0,0.0
HBPOR,BROAD,not_in_nse_index,0.0,0.0,0.69
HBSL,BROAD,not_in_nse_index,0.0,0.02,1.0
HCC,BROAD,not_in_nse_index,63.7,23.57,1.0
HCC-RE,BROAD,not_in_nse_index,0.0,0.0,0.0
HCC-RE1,BROAD,not_in_nse_index,0.0,0.0,0.0
HCG,BROAD,not_in_nse_index,11.0,6.58,1.0
HCG-RE,BROAD,not_in_nse_index,0.0,0.0,0.0
HCL-INSYS,BROAD,not_in_nse_index,0.3,0.18,1.0
HDFC,BROAD,not_in_nse_index,0.0,0.0,0.0
HDFCBSE500,BROAD,not_in_nse_index,6.1,5.41,1.0
HDFCGOLD,BROAD,not_in_nse_index,50.5,30.78,1.0
HDFCGROWTH,BROAD,not_in_nse_index,0.4,0.25,1.0
HDFCLIQUID,BROAD,not_in_nse_index,3.4,2.44,1.0
HDFCLOWVOL,BROAD,not_in_nse_index,0.0,0.03,1.0
HDFCMFGETF,BROAD,not_in_nse_index,0.0,0.0,0.0
HDFCMID150,BROAD,not_in_nse_index,1.1,0.69,1.0
HDFCMOMENT,BROAD,not_in_nse_index,0.6,0.36,1.0
HDFCNEXT50,BROAD,not_in_nse_index,2.8,2.18,1.0
HDFCNIF100,BROAD,not_in_nse_index,0.1,0.09,1.0
HDFCNIFBAN,BROAD,not_in_nse_index,0.7,0.57,1.0
HDFCNIFETF,BROAD,not_in_nse_index,0.0,0.0,0.0
HDFCNIFIT,BROAD,not_in_nse_index,0.8,0.46,1.0
HDFCNIFTY,BROAD,not_in_nse_index,9.6,8.25,1.0
HDFCNIMEG,BROAD,not_in_nse_index,0.5,0.44,0.93
HDFCPSUBK,BROAD,not_in_nse_index,1.1,0.83,1.0
HDFCPVTBAN,BROAD,not_in_nse_index,0.6,0.39,1.0
HDFCQUAL,BROAD,not_in_nse_index,0.1,0.05,1.0
HDFCSENETF,BROAD,not_in_nse_index,0.0,0.0,0.0
HDFCSENSEX,BROAD,not_in_nse_index,0.4,0.31,1.0
HDFCSILVER,BROAD,not_in_nse_index,68.9,28.42,1.0
HDFCSML250,BROAD,not_in_nse_index,28.5,20.16,1.0
HDFCVALUE,BROAD,not_in_nse_index,0.1,0.06,1.0
HDIL,BROAD,not_in_nse_index,0.0,0.02,1.0
HEADSUP,BROAD,not_in_nse_index,0.0,0.01,1.0
HEALTHADD,BROAD,not_in_nse_index,0.1,0.08,1.0
HEALTHAXIS,BROAD,not_in_nse_index,0.1,0.07,1.0
HEALTHCARE,BROAD,not_in_nse_index,0.1,0.07,1.0
HEALTHIETF,BROAD,not_in_nse_index,1.7,0.95,1.0
HEALTHX,BROAD,not_in_nse_index,0.2,0.14,1.0
HEALTHY,BROAD,not_in_nse_index,0.5,0.34,1.0
HECPROJECT,BROAD,not_in_nse_index,0.2,0.13,1.0
HEGAM,BROAD,not_in_nse_index,4.3,1.81,0.13
HEIDELBERG,BROAD,not_in_nse_index,2.4,1.49,1.0
HEMIPROP,BROAD,not_in_nse_index,4.2,2.15,1.0
HERANBA,BROAD,not_in_nse_index,2.3,0.52,1.0
HERCULES,BROAD,not_in_nse_index,0.0,0.0,0.0
HERIT-RE,BROAD,not_in_nse_index,0.0,0.0,0.0
HERITGFOOD,BROAD,not_in_nse_index,22.4,8.64,1.0
HEROMOTORS,BROAD,not_in_nse_index,166.9,30.32,0.11
HESTERBIO,BROAD,not_in_nse_index,4.1,0.77,1.0
HEUBACHIND,BROAD,not_in_nse_index,0.0,0.0,0.0
HEXAGON,BROAD,not_in_nse_index,2.0,1.97,1.0
HEXATRADEX,BROAD,not_in_nse_index,0.0,0.03,1.0
HGINFRA,BROAD,not_in_nse_index,23.7,2.73,1.0
HGM,BROAD,not_in_nse_index,0.0,0.03,1.0
HGS,BROAD,not_in_nse_index,0.7,0.39,1.0
HIKAL,BROAD,not_in_nse_index,44.7,7.02,1.0
HIL,BROAD,not_in_nse_index,0.0,0.0,0.0
HILINFRA,BROAD,not_in_nse_index,0.4,0.21,1.0
HILTON,BROAD,not_in_nse_index,0.2,0.15,1.0
HILTON-RE,BROAD,not_in_nse_index,0.0,0.0,0.0
HILTON-RE1,BROAD,not_in_nse_index,0.0,0.0,0.0
HILTON-RE2,BROAD,not_in_nse_index,0.0,0.0,0.0
HIMATSEIDE,BROAD,not_in_nse_index,3.9,2.12,1.0
HINDADH,BROAD,not_in_nse_index,0.3,0.13,0.69
HINDALUMI,BROAD,not_in_nse_index,0.0,0.02,0.69
HINDCOMPOS,BROAD,not_in_nse_index,0.2,0.1,1.0
HINDCON,BROAD,not_in_nse_index,0.1,0.08,1.0
HINDMOTORS,BROAD,not_in_nse_index,0.0,0.0,0.0
HINDNATGLS,BROAD,not_in_nse_index,0.0,0.0,0.0
HINDOILEXP,BROAD,not_in_nse_index,27.7,6.0,1.0
HINDWAR-RE,BROAD,not_in_nse_index,0.0,0.0,0.0
HINDWAREAP,BROAD,not_in_nse_index,2.8,1.82,1.0
HIRECT,BROAD,not_in_nse_index,10.2,3.91,1.0
HISARMETAL,BROAD,not_in_nse_index,0.0,0.02,1.0
HITECH,BROAD,not_in_nse_index,5.5,2.91,1.0
HITECHCORP,BROAD,not_in_nse_index,0.3,0.35,1.0
HITECHGEAR,BROAD,not_in_nse_index,0.2,0.2,1.0
HLEGLAS,BROAD,not_in_nse_index,16.9,6.54,1.0
HLVLTD,BROAD,not_in_nse_index,0.1,0.1,1.0
HMAAGRO,BROAD,not_in_nse_index,8.0,3.06,1.0
HMT,BROAD,not_in_nse_index,0.1,0.1,1.0
HMVL,BROAD,not_in_nse_index,0.6,0.35,1.0
HNDFDS,BROAD,not_in_nse_index,6.1,3.54,1.0
HNGSNGBEES,BROAD,not_in_nse_index,4.4,3.02,1.0
HONDAPOWER,BROAD,not_in_nse_index,0.7,0.41,1.0
HORIZONIND,BROAD,not_in_nse_index,26.7,14.23,0.58
HOTELRUGBY,BROAD,not_in_nse_index,0.0,0.0,0.0
HOVS,BROAD,not_in_nse_index,0.0,0.0,0.0
HPAL,BROAD,not_in_nse_index,0.4,0.2,1.0
HPIL,BROAD,not_in_nse_index,0.0,0.03,1.0
HPL,BROAD,not_in_nse_index,2.8,1.42,1.0
HRYNSHP,BROAD,not_in_nse_index,0.0,0.01,0.69
HSBCGOLD,BROAD,not_in_nse_index,0.6,0.53,1.0
HSIL,BROAD,not_in_nse_index,0.0,0.0,0.0
HTEL,BROAD,not_in_nse_index,8.6,6.32,0.44
HTMEDIA,BROAD,not_in_nse_index,0.6,0.34,1.0
HUBTOWN,BROAD,not_in_nse_index,9.6,4.73,1.0
HUHTAMAKI,BROAD,not_in_nse_index,10.8,3.67,1.0
HYBRIDETF,BROAD,not_in_nse_index,0.0,0.04,0.93
HYBRIDFIN,BROAD,not_in_nse_index,0.0,0.01,1.0
IBMFNIFTY,BROAD,not_in_nse_index,0.0,0.0,0.0
IBREALEST,BROAD,not_in_nse_index,0.0,0.0,0.0
IBUL-RE,BROAD,not_in_nse_index,0.0,0.0,0.0
IBULHSGFIN,BROAD,not_in_nse_index,0.0,0.0,0.0
IBULLSLTD,BROAD,not_in_nse_index,39.0,25.73,1.0
ICDSLTD,BROAD,not_in_nse_index,0.1,0.04,0.96
ICEMAKE,BROAD,not_in_nse_index,2.2,1.27,1.0
ICICI10GS,BROAD,not_in_nse_index,0.0,0.0,0.0
ICICI500,BROAD,not_in_nse_index,0.0,0.0,0.0
ICICI5GSEC,BROAD,not_in_nse_index,0.0,0.0,0.0
ICICIALPLV,BROAD,not_in_nse_index,0.0,0.0,0.0
ICICIAUTO,BROAD,not_in_nse_index,0.0,0.0,0.0
ICICIB22,BROAD,not_in_nse_index,5.4,4.28,1.0
ICICIBANKN,BROAD,not_in_nse_index,0.0,0.0,0.0
ICICIBANKP,BROAD,not_in_nse_index,0.0,0.0,0.0
ICICICOMMO,BROAD,not_in_nse_index,0.0,0.0,0.0
ICICICONSU,BROAD,not_in_nse_index,0.0,0.0,0.0
ICICIFIN,BROAD,not_in_nse_index,0.0,0.0,0.0
ICICIFMCG,BROAD,not_in_nse_index,0.0,0.0,0.0
ICICIGOLD,BROAD,not_in_nse_index,0.0,0.0,0.0
ICICIINFRA,BROAD,not_in_nse_index,0.0,0.0,0.0
ICICILIQ,BROAD,not_in_nse_index,0.0,0.0,0.0
ICICILOVOL,BROAD,not_in_nse_index,0.0,0.0,0.0
ICICIM150,BROAD,not_in_nse_index,0.0,0.0,0.0
ICICIMCAP,BROAD,not_in_nse_index,0.0,0.0,0.0
ICICIMOM30,BROAD,not_in_nse_index,0.0,0.0,0.0
ICICINF100,BROAD,not_in_nse_index,0.0,0.0,0.0
ICICINIFTY,BROAD,not_in_nse_index,0.0,0.0,0.0
ICICINV20,BROAD,not_in_nse_index,0.0,0.0,0.0
ICICINXT50,BROAD,not_in_nse_index,0.0,0.0,0.0
ICICIPHARM,BROAD,not_in_nse_index,0.0,0.0,0.0
ICICIQTY30,BROAD,not_in_nse_index,0.0,0.0,0.0
ICICISENSX,BROAD,not_in_nse_index,0.0,0.0,0.0
ICICISILVE,BROAD,not_in_nse_index,0.0,0.0,0.0
ICICITECH,BROAD,not_in_nse_index,0.0,0.0,0.0
ICIL,BROAD,not_in_nse_index,53.7,11.66,1.0
ICRA,BROAD,not_in_nse_index,19.0,11.93,1.0
IDBIGOLD,BROAD,not_in_nse_index,0.0,0.0,0.0
IDEAFORGE,BROAD,not_in_nse_index,27.4,14.58,1.0
IDFC,BROAD,not_in_nse_index,0.0,0.0,0.0
IDFNIFTYET,BROAD,not_in_nse_index,0.0,0.03,1.0
IEL,BROAD,not_in_nse_index,0.0,0.0,0.0
IFBAGRO,BROAD,not_in_nse_index,0.5,0.41,1.0
IFBIND,BROAD,not_in_nse_index,6.2,2.97,1.0
IFGLEXPOR,BROAD,not_in_nse_index,1.2,0.46,1.0
IGARASHI,BROAD,not_in_nse_index,25.7,2.53,1.0
IGCL,BROAD,not_in_nse_index,0.9,0.43,1.0
IGPL,BROAD,not_in_nse_index,5.9,2.96,1.0
IHCL-RE,BROAD,not_in_nse_index,0.0,0.0,0.0
IIFL-RE,BROAD,not_in_nse_index,0.0,0.0,0.0
IIFLCAPS,BROAD,not_in_nse_index,13.3,8.81,1.0
IIFLSEC,BROAD,not_in_nse_index,0.0,0.0,0.0
IIFLWAM,BROAD,not_in_nse_index,0.0,0.0,0.0
IITL,BROAD,not_in_nse_index,1.8,0.39,1.0
IKIO,BROAD,not_in_nse_index,11.1,2.64,1.0
IL&FSENGG,BROAD,not_in_nse_index,0.2,0.18,1.0
IL&FSTRANS,BROAD,not_in_nse_index,0.0,0.01,1.0
IMAGICAA,BROAD,not_in_nse_index,10.9,3.6,1.0
IMFA,BROAD,not_in_nse_index,21.8,9.98,1.0
IMPAL,BROAD,not_in_nse_index,0.3,0.18,1.0
IMPEXFERRO,BROAD,not_in_nse_index,0.0,0.02,0.91
INA,BROAD,not_in_nse_index,5.8,2.72,1.0
INCREDIBLE,BROAD,not_in_nse_index,0.0,0.01,1.0
INDBANK,BROAD,not_in_nse_index,0.2,0.1,1.0
INDIAGLYCO,BROAD,not_in_nse_index,29.6,11.7,1.0
INDIANCARD,BROAD,not_in_nse_index,0.1,0.04,1.0
INDIANHUME,BROAD,not_in_nse_index,2.3,1.05,1.0
INDIASHLTR,BROAD,not_in_nse_index,8.4,4.82,1.0
INDIGOPNTS,BROAD,not_in_nse_index,13.9,6.45,1.0
INDIQUBE,BROAD,not_in_nse_index,1.3,0.75,1.0
INDLMETER,BROAD,not_in_nse_index,0.0,0.0,0.0
INDNIPPON,BROAD,not_in_nse_index,19.4,3.93,1.0
INDO-RE,BROAD,not_in_nse_index,0.0,0.0,0.0
INDO-RE1,BROAD,not_in_nse_index,0.0,0.0,0.0
INDO-RE2,BROAD,not_in_nse_index,0.0,0.0,0.0
INDOAMIN,BROAD,not_in_nse_index,1.2,0.88,1.0
INDOBORAX,BROAD,not_in_nse_index,28.4,4.35,1.0
INDOCO,BROAD,not_in_nse_index,37.4,3.41,1.0
INDOFARM,BROAD,not_in_nse_index,2.9,0.99,1.0
INDOKEM,BROAD,not_in_nse_index,0.2,0.15,0.69
INDOMIM,BROAD,not_in_nse_index,434.2,162.02,0.96
INDORAMA,BROAD,not_in_nse_index,14.2,3.69,1.0
INDOSOLAR,BROAD,not_in_nse_index,0.0,0.0,0.0
INDOSTAR,BROAD,not_in_nse_index,4.2,2.31,1.0
INDOTECH,BROAD,not_in_nse_index,7.4,4.97,1.0
INDOTHAI,BROAD,not_in_nse_index,20.9,7.58,1.0
INDOUS,BROAD,not_in_nse_index,0.1,0.08,1.0
INDOWIND,BROAD,not_in_nse_index,0.1,0.08,1.0
INDPRUD,BROAD,not_in_nse_index,0.1,0.06,1.0
INDRAMEDCO,BROAD,not_in_nse_index,14.7,5.15,1.0
INDSWFTLAB,BROAD,not_in_nse_index,44.6,12.53,1.0
INDSWFTLTD,BROAD,not_in_nse_index,0.0,0.0,0.0
INDTERRAIN,BROAD,not_in_nse_index,0.2,0.08,1.0
INEOSSTYRO,BROAD,not_in_nse_index,0.0,0.0,0.0
INFIBE-RE,BROAD,not_in_nse_index,0.0,0.0,0.0
INFIBEAM,BROAD,not_in_nse_index,0.0,0.0,0.0
INFOBEAN,BROAD,not_in_nse_index,9.4,2.27,1.0
INFOMEDIA,BROAD,not_in_nse_index,0.0,0.01,1.0
INFRA,BROAD,not_in_nse_index,0.0,0.03,1.0
INFRABEES,BROAD,not_in_nse_index,0.8,0.45,1.0
INFRAIETF,BROAD,not_in_nse_index,4.9,4.44,1.0
INGERRAND,BROAD,not_in_nse_index,13.8,6.36,1.0
INNOVACAP,BROAD,not_in_nse_index,11.1,4.09,1.0
INNOVANA,BROAD,not_in_nse_index,0.6,0.31,1.0
INNOVISION,BROAD,not_in_nse_index,1.5,0.39,1.0
INOXGREEN,BROAD,not_in_nse_index,21.0,11.9,1.0
INOXINDIA,BROAD,not_in_nse_index,73.7,22.38,1.0
INOXLEISUR,BROAD,not_in_nse_index,0.0,0.0,0.0
INOXWI-RE,BROAD,not_in_nse_index,0.0,0.0,0.0
INSECTICID,BROAD,not_in_nse_index,1.8,0.87,1.0
INSPIRISYS,BROAD,not_in_nse_index,0.0,0.05,1.0
INSUREIETF,BROAD,not_in_nse_index,1.2,1.09,0.87
INTEGRA,BROAD,not_in_nse_index,0.0,0.0,0.0
INTENTECH,BROAD,not_in_nse_index,0.3,0.19,1.0
INTERARCH,BROAD,not_in_nse_index,9.5,5.34,1.0
INTERNET,BROAD,not_in_nse_index,0.4,0.26,1.0
INTLCONV,BROAD,not_in_nse_index,0.5,0.31,1.0
INVENT-RE,BROAD,not_in_nse_index,0.0,0.0,0.0
INVENTURE,BROAD,not_in_nse_index,0.1,0.06,1.0
INVPRECQ,BROAD,not_in_nse_index,0.8,0.79,1.0
IOLCP,BROAD,not_in_nse_index,76.9,24.49,1.0
IONEXCHANG,BROAD,not_in_nse_index,19.9,7.4,1.0
IPL,BROAD,not_in_nse_index,11.3,1.31,1.0
IPRINGLTD,BROAD,not_in_nse_index,0.1,0.04,0.69
IRIS,BROAD,not_in_nse_index,0.7,0.42,1.0
IRIS-RE,BROAD,not_in_nse_index,0.0,0.0,0.0
IRISDOREME,BROAD,not_in_nse_index,7.2,2.93,1.0
IRMENERGY,BROAD,not_in_nse_index,3.4,1.43,1.0
ISEC,BROAD,not_in_nse_index,0.0,0.0,0.0
ISFT,BROAD,not_in_nse_index,1.0,0.21,1.0
ISGEC,BROAD,not_in_nse_index,6.9,3.57,1.0
ISHANCH,BROAD,not_in_nse_index,0.4,0.19,1.0
ISMTLTD,BROAD,not_in_nse_index,0.0,0.0,0.0
ISTLTD,BROAD,not_in_nse_index,0.0,0.02,0.69
IT,BROAD,not_in_nse_index,1.6,0.9,1.0
ITADD,BROAD,not_in_nse_index,0.4,0.32,1.0
ITAXIS,BROAD,not_in_nse_index,2.2,2.1,1.0
ITBEES,BROAD,not_in_nse_index,42.4,22.69,1.0
ITBETA,BROAD,not_in_nse_index,0.3,0.08,1.0
ITDC,BROAD,not_in_nse_index,36.3,3.26,1.0
ITDCEM,BROAD,not_in_nse_index,0.0,0.0,0.0
ITETF,BROAD,not_in_nse_index,1.3,0.7,1.0
ITETFADD,BROAD,not_in_nse_index,0.0,0.0,0.0
ITIETF,BROAD,not_in_nse_index,3.6,2.39,1.0
ITL,BROAD,not_in_nse_index,0.1,0.05,0.69
IVALUE,BROAD,not_in_nse_index,6.5,3.76,1.0
IVC,BROAD,not_in_nse_index,0.4,0.31,1.0
IVP,BROAD,not_in_nse_index,0.3,0.33,1.0
IVZBANKNF,BROAD,not_in_nse_index,0.0,0.01,0.6
IVZINGOLD,BROAD,not_in_nse_index,0.5,0.35,1.0
IVZINNIFTY,BROAD,not_in_nse_index,0.1,0.05,1.0
IVZSENSEX,BROAD,not_in_nse_index,0.0,0.01,0.6
IWEL,BROAD,not_in_nse_index,0.0,0.0,0.0
IWP,BROAD,not_in_nse_index,0.1,0.06,1.0
IXIGO,BROAD,not_in_nse_index,20.1,9.75,1.0
IZMO,BROAD,not_in_nse_index,12.0,4.78,1.0
JAGRAN,BROAD,not_in_nse_index,1.2,0.76,1.0
JAGSNPHARM,BROAD,not_in_nse_index,15.5,1.89,1.0
JAIBALAJI,BROAD,not_in_nse_index,5.3,3.66,1.0
JAICORPLTD,BROAD,not_in_nse_index,3.2,1.35,1.0
JAIHINDPRO,BROAD,not_in_nse_index,0.0,0.0,0.0
JAINSTUDIO,BROAD,not_in_nse_index,0.0,0.0,0.0
JAIPURKURT,BROAD,not_in_nse_index,0.1,0.06,1.0
JAMNAAUTO,BROAD,not_in_nse_index,34.7,13.47,1.0
JARO,BROAD,not_in_nse_index,5.5,1.57,1.0
JASH,BROAD,not_in_nse_index,29.4,5.31,1.0
JAYAGROGN,BROAD,not_in_nse_index,0.6,0.37,1.0
JAYBARMARU,BROAD,not_in_nse_index,5.4,2.94,1.0
JAYKAY,BROAD,not_in_nse_index,14.5,3.95,1.0
JAYKAY-RE1,BROAD,not_in_nse_index,0.1,0.13,0.13
JAYNECOIND,BROAD,not_in_nse_index,45.1,19.09,1.0
JAYSREETEA,BROAD,not_in_nse_index,1.0,0.54,1.0
JBCHEPHARM,BROAD,not_in_nse_index,0.0,0.0,0.0
JBFIND,BROAD,not_in_nse_index,0.0,0.0,0.0
JCHAC,BROAD,not_in_nse_index,0.0,0.0,0.0
JENBURPH,BROAD,not_in_nse_index,0.1,0.09,0.69
JETAIRWAYS,BROAD,not_in_nse_index,0.0,0.0,0.0
JETFRE-RE,BROAD,not_in_nse_index,0.0,0.0,0.0
JETFREIGHT,BROAD,not_in_nse_index,0.5,0.26,1.0
JGCHEM,BROAD,not_in_nse_index,47.9,10.58,1.0
JHS,BROAD,not_in_nse_index,0.1,0.08,1.0
JIKIND,BROAD,not_in_nse_index,0.0,0.0,0.0
JINDALPHOT,BROAD,not_in_nse_index,0.5,0.26,1.0
JINDALPOLY,BROAD,not_in_nse_index,2.9,1.02,1.0
JINDCOT,BROAD,not_in_nse_index,0.0,0.0,0.0
JINDRILL,BROAD,not_in_nse_index,62.1,9.09,1.0
JINDWORLD,BROAD,not_in_nse_index,108.9,12.33,1.0
JISLDVREQS,BROAD,not_in_nse_index,0.1,0.06,1.0
JISLJALEQS,BROAD,not_in_nse_index,11.9,4.09,1.0
JITFINFRA,BROAD,not_in_nse_index,0.7,0.43,1.0
JIYAECO,BROAD,not_in_nse_index,0.0,0.0,0.0
JKIL,BROAD,not_in_nse_index,3.5,1.91,1.0
JKIPL,BROAD,not_in_nse_index,0.3,0.26,1.0
JKLAKSHMI,BROAD,not_in_nse_index,12.0,4.86,1.0
JKPAPER,BROAD,not_in_nse_index,21.0,8.08,1.0
JLHL,BROAD,not_in_nse_index,5.9,3.32,1.0
JMA,BROAD,not_in_nse_index,0.2,0.11,1.0
JMCPROJECT,BROAD,not_in_nse_index,0.0,0.0,0.0
JMTAUTOLTD,BROAD,not_in_nse_index,0.0,0.0,0.0
JNKINDIA,BROAD,not_in_nse_index,9.8,4.33,1.0
JNPR,BROAD,not_in_nse_index,78.4,34.5,0.84
JOCIL,BROAD,not_in_nse_index,0.1,0.08,1.0
JPASSOCIAT,BROAD,not_in_nse_index,0.0,0.0,0.0
JPINFRATEC,BROAD,not_in_nse_index,0.0,0.0,0.0
JPOLYINVST,BROAD,not_in_nse_index,1.5,1.07,1.0
JSFB,BROAD,not_in_nse_index,53.9,24.92,1.0
JSIPL,BROAD,not_in_nse_index,2.0,2.04,0.11
JSLHISAR,BROAD,not_in_nse_index,0.0,0.0,0.0
JSLL,BROAD,not_in_nse_index,30.1,13.89,1.0
JSWHL,BROAD,not_in_nse_index,5.7,2.95,1.0
JSWISPL,BROAD,not_in_nse_index,0.0,0.0,0.0
JTEKT-RE,BROAD,not_in_nse_index,0.0,0.0,0.0
JTEKTINDIA,BROAD,not_in_nse_index,2.7,1.15,1.0
JTLIND,BROAD,not_in_nse_index,28.8,10.57,1.0
JTLINFRA,BROAD,not_in_nse_index,0.0,0.0,0.0
JUBILANT,BROAD,not_in_nse_index,0.0,0.0,0.0
JUBLCPL,BROAD,not_in_nse_index,4.5,1.57,1.0
JUBLINDS,BROAD,not_in_nse_index,0.0,0.0,0.0
JUMPNET,BROAD,not_in_nse_index,0.0,0.0,0.0
JUNIORBEES,BROAD,not_in_nse_index,28.1,19.94,1.0
JUNIPER,BROAD,not_in_nse_index,5.8,2.9,1.0
JUSTDIAL,BROAD,not_in_nse_index,17.8,5.97,1.0
JYOTHYLAB,BROAD,not_in_nse_index,19.8,9.85,1.0
JYOTI-RE,BROAD,not_in_nse_index,0.0,0.0,0.0
JYOTI-RE1,BROAD,not_in_nse_index,0.0,0.0,0.0
JYOTIRES,BROAD,not_in_nse_index,0.6,0.37,0.69
JYOTISTRUC,BROAD,not_in_nse_index,5.6,2.77,1.0
KABRAEXTRU,BROAD,not_in_nse_index,24.8,9.83,1.0
KAKATCEM,BROAD,not_in_nse_index,0.0,0.03,1.0
KALAMANDIR,BROAD,not_in_nse_index,3.7,1.93,1.0
KALPATARU,BROAD,not_in_nse_index,3.9,1.62,1.0
KALPATPOWR,BROAD,not_in_nse_index,0.0,0.0,0.0
KALYANI,BROAD,not_in_nse_index,0.0,0.0,0.02
KALYANIFRG,BROAD,not_in_nse_index,1.2,0.49,1.0
KAMAHOLD,BROAD,not_in_nse_index,1.2,0.73,1.0
KAMANWALA,BROAD,not_in_nse_index,0.0,0.01,0.67
KAMATHOTEL,BROAD,not_in_nse_index,1.9,0.99,1.0
KAMDHENU,BROAD,not_in_nse_index,3.1,2.72,1.0
KAMOPAINTS,BROAD,not_in_nse_index,0.1,0.08,1.0
KANANIIND,BROAD,not_in_nse_index,0.0,0.01,1.0
KANCHI,BROAD,not_in_nse_index,0.1,0.07,1.0
KANCOTEA,BROAD,not_in_nse_index,0.0,0.0,0.69
KANOHAR,BROAD,not_in_nse_index,166.1,30.46,0.22
KANORICHEM,BROAD,not_in_nse_index,0.8,0.82,1.0
KANPRPLA,BROAD,not_in_nse_index,1.5,0.56,1.0
KANSAINER,BROAD,not_in_nse_index,6.6,3.88,1.0
KAPSTON,BROAD,not_in_nse_index,7.6,4.63,1.0
KARAMTARA,BROAD,not_in_nse_index,68.2,26.67,0.2
KARDA,BROAD,not_in_nse_index,0.0,0.0,0.0
KARMAENG,BROAD,not_in_nse_index,0.0,0.02,1.0
KAUSHALYA,BROAD,not_in_nse_index,0.0,0.02,1.0
KAVDEFENCE,BROAD,not_in_nse_index,2.7,1.48,1.0
KAVVERITEL,BROAD,not_in_nse_index,0.0,0.0,0.0
KAYA,BROAD,not_in_nse_index,1.1,0.63,1.0
KBCGLOBAL,BROAD,not_in_nse_index,0.0,0.0,0.0
KCP,BROAD,not_in_nse_index,3.2,1.53,1.0
KCPSUGIND,BROAD,not_in_nse_index,0.8,0.59,1.0
KDDL,BROAD,not_in_nse_index,22.5,9.68,1.0
KDDL-RE,BROAD,not_in_nse_index,0.0,0.0,0.0
KDGREEN,BROAD,not_in_nse_index,0.2,0.06,0.4
KECL,BROAD,not_in_nse_index,3.4,1.66,1.0
KEEPLEARN,BROAD,not_in_nse_index,0.0,0.01,1.0
KEEPLN-RE,BROAD,not_in_nse_index,0.0,0.0,0.0
KEERTI,BROAD,not_in_nse_index,0.0,0.0,0.0
KELLTONTEC,BROAD,not_in_nse_index,5.0,1.29,1.0
KENNAMET,BROAD,not_in_nse_index,20.0,9.24,1.0
KERNEX,BROAD,not_in_nse_index,70.3,27.07,1.0
KESORAMIND,BROAD,not_in_nse_index,0.6,0.54,1.0
KEYFINSERV,BROAD,not_in_nse_index,0.0,0.02,1.0
KGL,BROAD,not_in_nse_index,0.0,0.0,0.0
KHADIM,BROAD,not_in_nse_index,0.6,0.58,1.0
KHAICHEM,BROAD,not_in_nse_index,1.3,0.69,1.0
KHAITANLTD,BROAD,not_in_nse_index,0.1,0.08,1.0
KHANDSE,BROAD,not_in_nse_index,0.0,0.0,1.0
KICL,BROAD,not_in_nse_index,0.6,0.4,1.0
KIL-RE,BROAD,not_in_nse_index,0.0,0.0,0.0
KILITC-RE,BROAD,not_in_nse_index,0.0,0.0,0.0
KILITCH,BROAD,not_in_nse_index,0.6,0.57,1.0
KINGFA,BROAD,not_in_nse_index,11.1,5.41,1.0
KIOCL,BROAD,not_in_nse_index,7.3,1.86,1.0
KIRANVYPAR,BROAD,not_in_nse_index,0.1,0.08,1.0
KIRIINDUS,BROAD,not_in_nse_index,63.9,19.7,1.0
KIRLFER,BROAD,not_in_nse_index,6.4,3.98,1.0
KIRLOSBROS,BROAD,not_in_nse_index,11.8,4.95,1.0
KIRLOSIND,BROAD,not_in_nse_index,8.6,1.42,1.0
KIRLPNU,BROAD,not_in_nse_index,13.3,7.05,1.0
KISSHT,BROAD,not_in_nse_index,53.0,23.08,1.0
KITEX,BROAD,not_in_nse_index,6.2,2.75,1.0
KJMCFIN,BROAD,not_in_nse_index,0.0,0.01,0.69
KKCL,BROAD,not_in_nse_index,2.5,1.41,1.0
KLBRENG-B,BROAD,not_in_nse_index,15.4,7.47,1.0
KMCSHIL,BROAD,not_in_nse_index,7.4,1.18,0.69
KMEW,BROAD,not_in_nse_index,35.3,13.05,1.0
KMSUGAR,BROAD,not_in_nse_index,1.3,0.66,1.0
KNACK,BROAD,not_in_nse_index,20.6,8.56,1.0
KNAGRI,BROAD,not_in_nse_index,0.3,0.28,1.0
KNRCON,BROAD,not_in_nse_index,21.4,9.98,1.0
KOHINOOR,BROAD,not_in_nse_index,0.8,0.31,1.0
KOKUYOCMLN,BROAD,not_in_nse_index,0.3,0.24,1.0
KOLTEPATIL,BROAD,not_in_nse_index,22.3,3.65,1.0
KOPRAN,BROAD,not_in_nse_index,30.1,6.26,1.0
KOTAKALPHA,BROAD,not_in_nse_index,0.0,0.0,0.0
KOTAKBKETF,BROAD,not_in_nse_index,0.0,0.0,0.0
KOTAKCONS,BROAD,not_in_nse_index,0.0,0.0,0.0
KOTAKGOLD,BROAD,not_in_nse_index,0.0,0.0,0.0
KOTAKIT,BROAD,not_in_nse_index,0.0,0.0,0.0
KOTAKLIQ,BROAD,not_in_nse_index,0.0,0.0,0.0
KOTAKLOVOL,BROAD,not_in_nse_index,0.0,0.0,0.0
KOTAKMID50,BROAD,not_in_nse_index,0.0,0.0,0.0
KOTAKMNC,BROAD,not_in_nse_index,0.0,0.0,0.0
KOTAKNIFTY,BROAD,not_in_nse_index,0.0,0.0,0.0
KOTAKNV20,BROAD,not_in_nse_index,0.0,0.0,0.0
KOTAKPSUBK,BROAD,not_in_nse_index,0.0,0.0,0.0
KOTAKSILVE,BROAD,not_in_nse_index,0.0,0.0,0.0
KOTARISUG,BROAD,not_in_nse_index,0.8,0.41,1.0
KOTHARIPET,BROAD,not_in_nse_index,1.5,0.73,1.0
KOTHARIPRO,BROAD,not_in_nse_index,0.1,0.05,1.0
KOTIC,BROAD,not_in_nse_index,0.7,0.18,1.0
KOTYARK,BROAD,not_in_nse_index,0.9,0.8,1.0
KOVAI,BROAD,not_in_nse_index,3.1,1.86,1.0
KPEL,BROAD,not_in_nse_index,9.5,4.32,1.0
KPIGLOBAL,BROAD,not_in_nse_index,0.0,0.0,0.0
KPIGREEN,BROAD,not_in_nse_index,70.2,20.25,1.0
KPL,BROAD,not_in_nse_index,21.0,7.06,1.0
KRBL,BROAD,not_in_nse_index,30.0,11.08,1.0
KREBSBIO,BROAD,not_in_nse_index,0.1,0.03,1.0
KRIDHANINF,BROAD,not_in_nse_index,0.0,0.01,1.0
KRISHANA,BROAD,not_in_nse_index,17.5,7.78,1.0
KRISHFL-RE,BROAD,not_in_nse_index,0.0,0.0,0.0
KRISHIVAL,BROAD,not_in_nse_index,1.3,1.1,1.0
KRISHNADEF,BROAD,not_in_nse_index,11.0,5.35,1.0
KRITI,BROAD,not_in_nse_index,0.1,0.12,1.0
KRITIKA,BROAD,not_in_nse_index,0.1,0.05,1.0
KRITINUT,BROAD,not_in_nse_index,0.2,0.13,1.0
KRN,BROAD,not_in_nse_index,32.6,17.96,1.0
KRONOX,BROAD,not_in_nse_index,18.2,3.82,1.0
KROSS,BROAD,not_in_nse_index,23.1,6.76,1.0
KRSNAA,BROAD,not_in_nse_index,8.3,2.88,1.0
KRYSTAL,BROAD,not_in_nse_index,3.1,1.32,1.0
KSB,BROAD,not_in_nse_index,15.3,7.91,1.0
KSCL,BROAD,not_in_nse_index,62.0,7.04,1.0
KSE,BROAD,not_in_nse_index,0.3,0.22,0.69
KSERASERA,BROAD,not_in_nse_index,0.0,0.0,0.0
KSHINTL,BROAD,not_in_nse_index,35.7,14.07,1.0
KSHITI-RE,BROAD,not_in_nse_index,0.0,0.0,0.0
KSHITIJ-RE,BROAD,not_in_nse_index,0.0,0.0,0.16
KSHITIJPOL,BROAD,not_in_nse_index,1.0,0.64,1.0
KSK,BROAD,not_in_nse_index,0.0,0.0,0.0
KSL,BROAD,not_in_nse_index,10.6,4.55,1.0
KSOLVES,BROAD,not_in_nse_index,0.9,0.53,1.0
KSR,BROAD,not_in_nse_index,0.2,0.2,1.0
KTKBANK,BROAD,not_in_nse_index,91.0,48.83,1.0
KUANTUM,BROAD,not_in_nse_index,1.3,0.7,1.0
KUSUMGAR,BROAD,not_in_nse_index,31.3,12.4,1.0
KWALITY,BROAD,not_in_nse_index,0.0,0.0,0.0
KWIL,BROAD,not_in_nse_index,109.9,29.31,1.0
L&TFH,BROAD,not_in_nse_index,0.0,0.0,0.0
L&TFH-RE,BROAD,not_in_nse_index,0.0,0.0,0.0
LADDERUP,BROAD,not_in_nse_index,0.0,0.02,0.69
LAGNAM,BROAD,not_in_nse_index,0.1,0.05,1.0
LAHOTIOV,BROAD,not_in_nse_index,0.0,0.03,1.0
LAKPRE,BROAD,not_in_nse_index,0.0,0.0,0.91
LAKSHMIMIL,BROAD,not_in_nse_index,0.0,0.02,0.64
LAL,BROAD,not_in_nse_index,0.1,0.07,1.0
LALITHAA,BROAD,not_in_nse_index,260.6,93.23,0.58
LAMBODHARA,BROAD,not_in_nse_index,1.0,0.3,1.0
LANCER,BROAD,not_in_nse_index,0.4,0.27,0.69
LANCORHOL,BROAD,not_in_nse_index,1.0,0.6,1.0
LANDMARK,BROAD,not_in_nse_index,27.7,3.96,1.0
LANDSMILL,BROAD,not_in_nse_index,0.2,0.13,1.0
LAOPALA,BROAD,not_in_nse_index,7.1,2.12,1.0
LARGEMID50,BROAD,not_in_nse_index,0.0,0.01,0.62
LASA,BROAD,not_in_nse_index,0.0,0.01,0.78
LASERPOWER,BROAD,not_in_nse_index,50.2,17.11,1.0
LATTEYS,BROAD,not_in_nse_index,0.1,0.1,1.0
LAXMICOT,BROAD,not_in_nse_index,0.0,0.02,1.0
LAXMIDENTL,BROAD,not_in_nse_index,2.0,1.11,1.0
LAXMIINDIA,BROAD,not_in_nse_index,2.7,1.63,1.0
LAXMIMACH,BROAD,not_in_nse_index,0.0,0.0,0.0
LCCINFOTEC,BROAD,not_in_nse_index,0.0,0.03,1.0
LCCPROJECT,BROAD,not_in_nse_index,21.0,9.05,0.2
LCL,BROAD,not_in_nse_index,72.8,25.74,0.96
LEAPIND,BROAD,not_in_nse_index,107.5,48.33,0.71
LEENEE,BROAD,not_in_nse_index,0.0,0.02,0.69
LEMERITE,BROAD,not_in_nse_index,0.7,0.27,1.0
LEXUS,BROAD,not_in_nse_index,0.0,0.02,1.0
LFIC,BROAD,not_in_nse_index,0.1,0.04,1.0
LGBBROSLTD,BROAD,not_in_nse_index,4.5,2.64,1.0
LGBFORGE,BROAD,not_in_nse_index,0.0,0.0,0.0
LGHL,BROAD,not_in_nse_index,0.3,0.09,1.0
LIBAS,BROAD,not_in_nse_index,0.1,0.06,1.0
LIBAS-RE,BROAD,not_in_nse_index,0.0,0.0,0.0
LIBERTSHOE,BROAD,not_in_nse_index,0.7,0.35,1.0
LICMFGOLD,BROAD,not_in_nse_index,1.7,1.06,1.0
LICNETFGSC,BROAD,not_in_nse_index,0.1,0.09,1.0
LICNETFN50,BROAD,not_in_nse_index,0.0,0.02,1.0
LICNETFSEN,BROAD,not_in_nse_index,0.0,0.0,0.89
LICNFNHGP,BROAD,not_in_nse_index,0.0,0.01,0.98
LICNMID100,BROAD,not_in_nse_index,0.1,0.06,1.0
LIKHITHA,BROAD,not_in_nse_index,1.9,0.73,1.0
LINC,BROAD,not_in_nse_index,0.3,0.2,1.0
LINCOLN,BROAD,not_in_nse_index,3.4,1.25,1.0
LINCPEN,BROAD,not_in_nse_index,0.0,0.0,0.0
LIQGRWBEES,BROAD,not_in_nse_index,10.3,8.49,1.0
LIQUID,BROAD,not_in_nse_index,29.4,14.01,1.0
LIQUID1,BROAD,not_in_nse_index,105.2,71.54,1.0
LIQUIDADD,BROAD,not_in_nse_index,59.3,45.51,1.0
LIQUIDBEES,BROAD,not_in_nse_index,336.0,261.29,1.0
LIQUIDBETA,BROAD,not_in_nse_index,0.7,0.68,0.76
LIQUIDBETF,BROAD,not_in_nse_index,32.5,23.54,1.0
LIQUIDCASE,BROAD,not_in_nse_index,202.8,159.06,1.0
LIQUIDETF,BROAD,not_in_nse_index,28.1,24.31,1.0
LIQUIDIETF,BROAD,not_in_nse_index,52.5,37.27,1.0
LIQUIDPLUS,BROAD,not_in_nse_index,66.8,58.51,1.0
LIQUIDSBI,BROAD,not_in_nse_index,0.6,0.53,1.0
LIQUIDSHRI,BROAD,not_in_nse_index,1.1,0.93,1.0
LKPSEC,BROAD,not_in_nse_index,0.0,0.01,0.69
LLOYDS-RE,BROAD,not_in_nse_index,0.0,0.0,0.0
LLOYDS-RE1,BROAD,not_in_nse_index,0.0,0.0,0.0
LLOYDSE-RE,BROAD,not_in_nse_index,0.0,0.0,0.0
LLOYDSENGG,BROAD,not_in_nse_index,104.2,37.33,1.0
LLOYDSENT,BROAD,not_in_nse_index,26.1,11.6,1.0
LMW,BROAD,not_in_nse_index,11.1,5.43,1.0
LOKESHMACH,BROAD,not_in_nse_index,1.4,0.79,1.0
LORDSCHLO,BROAD,not_in_nse_index,0.4,0.22,1.0
LOTUSCHO,BROAD,not_in_nse_index,0.1,0.1,0.69
LOTUSDEV,BROAD,not_in_nse_index,43.2,30.72,1.0
LOTUSEYE,BROAD,not_in_nse_index,0.1,0.09,1.0
LOVABLE,BROAD,not_in_nse_index,0.1,0.05,1.0
LOWVOL,BROAD,not_in_nse_index,0.1,0.04,1.0
LOWVOL1,BROAD,not_in_nse_index,1.1,0.98,1.0
LOWVOLIETF,BROAD,not_in_nse_index,5.1,4.22,1.0
LOYALTEX,BROAD,not_in_nse_index,0.1,0.02,0.96
LPDC,BROAD,not_in_nse_index,0.1,0.04,1.0
LSIL,BROAD,not_in_nse_index,0.0,0.0,0.0
LTGILTBEES,BROAD,not_in_nse_index,4.5,3.91,1.0
LTGILTCASE,BROAD,not_in_nse_index,0.4,0.38,1.0
LTI,BROAD,not_in_nse_index,0.0,0.0,0.0
LTIM,BROAD,not_in_nse_index,0.0,0.0,0.0
LUMAXIND,BROAD,not_in_nse_index,12.6,5.35,1.0
LUMAXTECH,BROAD,not_in_nse_index,59.0,17.74,1.0
LUMINO,BROAD,not_in_nse_index,144.0,29.69,0.4
LUXIND,BROAD,not_in_nse_index,4.3,1.75,1.0
LXCHEM,BROAD,not_in_nse_index,26.0,10.19,1.0
LYKALABS,BROAD,not_in_nse_index,0.1,0.14,1.0
LYPSAGEMS,BROAD,not_in_nse_index,0.0,0.0,0.0
M&MFIN-RE1,BROAD,not_in_nse_index,0.0,0.0,0.0
M100,BROAD,not_in_nse_index,0.0,0.0,0.0
M50,BROAD,not_in_nse_index,0.0,0.0,0.0
MAANALU,BROAD,not_in_nse_index,0.8,0.5,1.0
MACPOWER,BROAD,not_in_nse_index,13.1,5.56,1.0
MADHAV,BROAD,not_in_nse_index,0.0,0.01,1.0
MADHAVIPL,BROAD,not_in_nse_index,0.1,0.08,1.0
MADHUCON,BROAD,not_in_nse_index,0.0,0.01,1.0
MADRASFERT,BROAD,not_in_nse_index,0.5,0.21,1.0
MAESGETF,BROAD,not_in_nse_index,0.0,0.0,0.0
MAFANG,BROAD,not_in_nse_index,11.5,6.73,1.0
MAFATIND,BROAD,not_in_nse_index,0.5,0.32,1.0
MAFSETF,BROAD,not_in_nse_index,0.0,0.0,0.0
MAGADSUGAR,BROAD,not_in_nse_index,3.7,1.2,1.0
MAGMA,BROAD,not_in_nse_index,0.0,0.0,0.0
MAGNUM,BROAD,not_in_nse_index,0.1,0.04,1.0
MAGNUM-RE,BROAD,not_in_nse_index,0.0,0.0,0.0
MAGOLDETF,BROAD,not_in_nse_index,0.0,0.0,0.0
MAGS813ETF,BROAD,not_in_nse_index,0.0,0.0,0.0
MAHAPE-RE,BROAD,not_in_nse_index,0.0,0.0,0.0
MAHAPEXLTD,BROAD,not_in_nse_index,0.2,0.1,1.0
MAHASTEEL,BROAD,not_in_nse_index,1.8,1.58,1.0
MAHEPC,BROAD,not_in_nse_index,0.2,0.13,1.0
MAHESHWARI,BROAD,not_in_nse_index,0.1,0.1,1.0
MAHINDCIE,BROAD,not_in_nse_index,0.0,0.0,0.0
MAHKTECH,BROAD,not_in_nse_index,1.6,1.17,1.0
MAHLIFE,BROAD,not_in_nse_index,4.3,2.37,1.0
MAHLIFE-RE,BROAD,not_in_nse_index,0.0,0.0,0.0
MAHLOG,BROAD,not_in_nse_index,7.6,4.09,1.0
MAHLOG-RE,BROAD,not_in_nse_index,0.0,0.0,0.0
MAHSCOOTER,BROAD,not_in_nse_index,6.8,2.96,1.0
MAHSEAMLES,BROAD,not_in_nse_index,21.6,9.56,1.0
MAITHANALL,BROAD,not_in_nse_index,9.9,3.93,1.0
MAJESAUT,BROAD,not_in_nse_index,0.5,0.36,1.0
MAJESCO,BROAD,not_in_nse_index,0.0,0.0,0.0
MAKEINDIA,BROAD,not_in_nse_index,0.8,0.55,1.0
MAKERSL,BROAD,not_in_nse_index,0.1,0.09,0.69
MALLCOM,BROAD,not_in_nse_index,0.4,0.28,1.0
MALUPAPER,BROAD,not_in_nse_index,0.1,0.04,1.0
MAM150ETF,BROAD,not_in_nse_index,0.0,0.0,0.0
MAMATA,BROAD,not_in_nse_index,3.4,2.0,1.0
MAMFGETF,BROAD,not_in_nse_index,0.0,0.0,0.0
MAN50ETF,BROAD,not_in_nse_index,0.0,0.0,0.0
MANAKALUCO,BROAD,not_in_nse_index,0.5,0.26,1.0
MANAKCOAT,BROAD,not_in_nse_index,6.0,3.01,1.0
MANAKSIA,BROAD,not_in_nse_index,0.4,0.24,1.0
MANAKSTEEL,BROAD,not_in_nse_index,1.4,0.96,1.0
MANALIPETC,BROAD,not_in_nse_index,47.0,6.1,1.0
MANBA,BROAD,not_in_nse_index,1.8,0.7,1.0
MANBRO,BROAD,not_in_nse_index,0.4,0.08,0.29
MANCREDIT,BROAD,not_in_nse_index,4.9,1.11,1.0
MANGALAM,BROAD,not_in_nse_index,0.2,0.13,1.0
MANGCHEFER,BROAD,not_in_nse_index,0.0,0.0,0.0
MANGLMCEM,BROAD,not_in_nse_index,15.3,5.32,1.0
MANGTIMBER,BROAD,not_in_nse_index,0.0,0.0,0.0
MANIKA,BROAD,not_in_nse_index,1.5,1.47,0.16
MANINDS,BROAD,not_in_nse_index,120.7,27.78,1.0
MANINFRA,BROAD,not_in_nse_index,30.4,11.29,1.0
MANIPALHOS,BROAD,not_in_nse_index,180.6,98.59,0.87
MANOMAY,BROAD,not_in_nse_index,3.6,0.87,1.0
MANORAMA,BROAD,not_in_nse_index,103.5,24.07,1.0
MANORG,BROAD,not_in_nse_index,0.6,0.48,1.0
MANUFGBEES,BROAD,not_in_nse_index,0.2,0.14,1.0
MANUGRAPH,BROAD,not_in_nse_index,0.2,0.11,1.0
MANV30F,BROAD,not_in_nse_index,0.0,0.0,0.0
MANXT50,BROAD,not_in_nse_index,0.0,0.0,0.0
MANYAVAR,BROAD,not_in_nse_index,78.6,18.45,1.0
MARALOVER,BROAD,not_in_nse_index,0.2,0.12,1.0
MARATHON,BROAD,not_in_nse_index,10.7,3.23,1.0
MARINE,BROAD,not_in_nse_index,63.7,22.59,1.0
MARKOLINES,BROAD,not_in_nse_index,3.4,0.89,1.0
MARKSANS,BROAD,not_in_nse_index,123.5,30.38,1.0
MARSHAL-RE,BROAD,not_in_nse_index,0.0,0.0,0.0
MARSHALL,BROAD,not_in_nse_index,0.0,0.0,0.0
MARSONS,BROAD,not_in_nse_index,35.8,9.94,1.0
MASFIN,BROAD,not_in_nse_index,7.1,4.59,1.0
MASILVER,BROAD,not_in_nse_index,0.0,0.0,0.0
MASKINVEST,BROAD,not_in_nse_index,0.0,0.0,0.93
MASPTOP50,BROAD,not_in_nse_index,9.3,3.71,1.0
MASTEK,BROAD,not_in_nse_index,47.0,10.53,1.0
MASTERTR,BROAD,not_in_nse_index,5.7,1.08,1.0
MATRIMONY,BROAD,not_in_nse_index,3.1,1.53,1.0
MAWANASUG,BROAD,not_in_nse_index,6.7,2.67,1.0
MAXESTATES,BROAD,not_in_nse_index,13.3,6.04,1.0
MAXIND,BROAD,not_in_nse_index,1.4,0.82,1.0
MAXIND-RE,BROAD,not_in_nse_index,0.0,0.0,0.0
MAXVIL,BROAD,not_in_nse_index,0.0,0.0,0.0
MAYURUNIQ,BROAD,not_in_nse_index,8.7,4.45,1.0
MAZDA,BROAD,not_in_nse_index,0.8,0.81,1.0
MBAPL,BROAD,not_in_nse_index,15.1,8.28,1.0
MBECL,BROAD,not_in_nse_index,0.1,0.07,0.44
MBEL,BROAD,not_in_nse_index,5.5,2.35,1.0
MBLINFRA,BROAD,not_in_nse_index,0.1,0.07,1.0
MCCHRLS-B,BROAD,not_in_nse_index,0.1,0.07,1.0
MCDHOLDING,BROAD,not_in_nse_index,0.0,0.0,0.0
MCDOWELL-N,BROAD,not_in_nse_index,0.0,0.0,0.0
MCL,BROAD,not_in_nse_index,0.4,0.2,1.0
MCLEODRUSS,BROAD,not_in_nse_index,1.3,0.87,1.0
MCLOUD,BROAD,not_in_nse_index,8.7,3.12,1.0
MEDIASSIST,BROAD,not_in_nse_index,7.9,4.97,1.0
MEDICAMEQ,BROAD,not_in_nse_index,1.8,0.95,1.0
MEDICAPQ,BROAD,not_in_nse_index,0.1,0.03,0.69
MEDICO,BROAD,not_in_nse_index,2.3,1.09,1.0
MEDPLUS,BROAD,not_in_nse_index,11.2,6.98,1.0
MEGA-RE,BROAD,not_in_nse_index,0.0,0.0,0.0
MEGASOFT,BROAD,not_in_nse_index,0.0,0.0,0.0
MEGASTAR,BROAD,not_in_nse_index,0.2,0.12,1.0
MEGH,BROAD,not_in_nse_index,0.0,0.0,0.0
MEIL,BROAD,not_in_nse_index,2.0,0.94,1.0
MELSTAR,BROAD,not_in_nse_index,0.0,0.0,0.0
MENNPIS,BROAD,not_in_nse_index,0.7,0.4,1.0
MENONBE,BROAD,not_in_nse_index,2.2,2.12,1.0
MEP,BROAD,not_in_nse_index,0.0,0.01,1.0
MERCANTILE,BROAD,not_in_nse_index,0.2,0.04,0.98
MERCATOR,BROAD,not_in_nse_index,0.0,0.0,0.0
MERCURYEV,BROAD,not_in_nse_index,2.1,1.48,1.0
METAL,BROAD,not_in_nse_index,3.0,1.85,1.0
METALFORGE,BROAD,not_in_nse_index,0.0,0.0,0.0
METALIETF,BROAD,not_in_nse_index,10.6,6.34,1.0
METKORE,BROAD,not_in_nse_index,0.0,0.0,0.0
METROBRAND,BROAD,not_in_nse_index,7.1,4.78,1.0
METROGLOBL,BROAD,not_in_nse_index,0.1,0.04,1.0
METROPOLIS,BROAD,not_in_nse_index,14.6,7.91,1.0
MFL,BROAD,not_in_nse_index,0.0,0.0,0.0
MFML,BROAD,not_in_nse_index,0.0,0.01,1.0
MGEL,BROAD,not_in_nse_index,1.5,1.35,1.0
MGEL-RE,BROAD,not_in_nse_index,0.0,0.0,0.0
MHLXMIRU,BROAD,not_in_nse_index,0.3,0.29,1.0
MHRIL,BROAD,not_in_nse_index,2.5,1.46,1.0
MIC,BROAD,not_in_nse_index,0.0,0.0,0.0
MICEL,BROAD,not_in_nse_index,0.6,0.63,1.0
MID150,BROAD,not_in_nse_index,0.2,0.17,1.0
MID150BEES,BROAD,not_in_nse_index,19.2,13.88,1.0
MID150CASE,BROAD,not_in_nse_index,1.4,0.94,1.0
MIDBANKADD,BROAD,not_in_nse_index,0.1,0.06,0.82
MIDCAP,BROAD,not_in_nse_index,0.7,0.42,1.0
MIDCAPADD,BROAD,not_in_nse_index,0.2,0.2,1.0
MIDCAPBETA,BROAD,not_in_nse_index,0.1,0.06,1.0
MIDCAPETF,BROAD,not_in_nse_index,6.4,4.83,1.0
MIDCAPIETF,BROAD,not_in_nse_index,2.5,1.58,1.0
MIDHANI,BROAD,not_in_nse_index,99.3,20.85,1.0
MIDQ50ADD,BROAD,not_in_nse_index,0.1,0.09,1.0
MIDSELIETF,BROAD,not_in_nse_index,0.5,0.33,1.0
MIDSMALL,BROAD,not_in_nse_index,1.5,1.08,1.0
MIDWESTLTD,BROAD,not_in_nse_index,2.7,1.41,1.0
MIIL,BROAD,not_in_nse_index,4.0,1.66,0.69
MILKYMIST,BROAD,not_in_nse_index,321.8,86.9,0.67
MINALIND,BROAD,not_in_nse_index,0.0,0.02,0.69
MINDAIND,BROAD,not_in_nse_index,0.0,0.0,0.0
MINDTECK,BROAD,not_in_nse_index,0.6,0.28,1.0
MINDTREE,BROAD,not_in_nse_index,0.0,0.0,0.0
MIRC-RE,BROAD,not_in_nse_index,0.0,0.0,0.0
MIRCELECTR,BROAD,not_in_nse_index,0.0,0.0,0.0
MIRZAINT,BROAD,not_in_nse_index,0.4,0.23,1.0
MITCON,BROAD,not_in_nse_index,0.1,0.11,1.0
MITCON-RE,BROAD,not_in_nse_index,0.0,0.0,0.0
MITTAL,BROAD,not_in_nse_index,0.1,0.08,1.0
MITTAL-RE,BROAD,not_in_nse_index,0.0,0.0,0.0
MITTAL-RE1,BROAD,not_in_nse_index,0.0,0.0,0.0
MKEXIM,BROAD,not_in_nse_index,0.1,0.06,0.69
MKPL,BROAD,not_in_nse_index,0.0,0.03,1.0
MLKFOOD,BROAD,not_in_nse_index,0.0,0.03,0.69
MMFL,BROAD,not_in_nse_index,10.2,5.03,1.0
MMP,BROAD,not_in_nse_index,4.8,2.33,1.0
MMWL,BROAD,not_in_nse_index,0.1,0.07,1.0
MNC,BROAD,not_in_nse_index,0.3,0.19,1.0
MOALPHA50,BROAD,not_in_nse_index,0.1,0.06,1.0
MOBANK10,BROAD,not_in_nse_index,0.0,0.01,1.0
MOBIKWIK,BROAD,not_in_nse_index,45.3,10.78,1.0
MOCAPITAL,BROAD,not_in_nse_index,6.6,4.78,1.0
MODEFENCE,BROAD,not_in_nse_index,15.8,9.18,1.0
MODINATUR,BROAD,not_in_nse_index,0.3,0.26,1.0
MODIRUBBER,BROAD,not_in_nse_index,0.1,0.03,1.0
MODIS,BROAD,not_in_nse_index,2.4,1.14,1.0
MODISNME,BROAD,not_in_nse_index,0.0,0.0,0.0
MODISONLTD,BROAD,not_in_nse_index,7.6,5.17,1.0
MODTHREAD,BROAD,not_in_nse_index,0.1,0.05,1.0
MOENERGY,BROAD,not_in_nse_index,0.6,0.54,1.0
MOGOLD,BROAD,not_in_nse_index,0.7,0.45,1.0
MOGSEC,BROAD,not_in_nse_index,0.5,0.5,1.0
MOHEALTH,BROAD,not_in_nse_index,0.3,0.19,1.0
MOHITE,BROAD,not_in_nse_index,0.0,0.01,0.69
MOHITIND,BROAD,not_in_nse_index,0.1,0.05,1.0
MOHOTAIND,BROAD,not_in_nse_index,0.0,0.0,0.0
MOIL,BROAD,not_in_nse_index,43.3,10.73,1.0
MOINFRA,BROAD,not_in_nse_index,0.0,0.03,1.0
MOIPO,BROAD,not_in_nse_index,0.0,0.03,1.0
MOKSH,BROAD,not_in_nse_index,0.1,0.09,1.0
MOKSH-RE,BROAD,not_in_nse_index,0.0,0.0,0.0
MOL,BROAD,not_in_nse_index,12.8,4.55,1.0
MOLBIO,BROAD,not_in_nse_index,343.0,48.12,0.69
MOLDTECH,BROAD,not_in_nse_index,3.8,1.8,1.0
MOLDTKPAC,BROAD,not_in_nse_index,5.2,2.36,1.0
MOLOWVOL,BROAD,not_in_nse_index,0.8,0.63,1.0
MOM100,BROAD,not_in_nse_index,2.2,1.39,1.0
MOM30IETF,BROAD,not_in_nse_index,2.1,1.41,1.0
MOM50,BROAD,not_in_nse_index,0.4,0.36,1.0
MOMENTUM,BROAD,not_in_nse_index,0.3,0.18,1.0
MOMENTUM30,BROAD,not_in_nse_index,0.4,0.29,1.0
MOMENTUM50,BROAD,not_in_nse_index,3.2,2.21,1.0
MOMETAL,BROAD,not_in_nse_index,0.0,0.02,0.84
MOMGF,BROAD,not_in_nse_index,0.0,0.02,1.0
MOMIDMTM,BROAD,not_in_nse_index,0.6,0.47,1.0
MOMMIDCAP,BROAD,not_in_nse_index,2.1,1.85,1.0
MOMNC,BROAD,not_in_nse_index,0.0,0.02,1.0
MOMOMENTUM,BROAD,not_in_nse_index,0.4,0.31,1.0
MOMSBELIEF,BROAD,not_in_nse_index,3.5,2.15,0.33
MON100,BROAD,not_in_nse_index,19.1,13.41,1.0
MON50EQUAL,BROAD,not_in_nse_index,0.1,0.05,1.0
MONARCH,BROAD,not_in_nse_index,5.4,2.66,1.0
MONEXT50,BROAD,not_in_nse_index,0.3,0.26,1.0
MONEYBOXX,BROAD,not_in_nse_index,0.4,0.21,1.0
MONIFTY100,BROAD,not_in_nse_index,0.1,0.1,1.0
MONIFTY500,BROAD,not_in_nse_index,1.5,1.15,1.0
MONQ50,BROAD,not_in_nse_index,17.9,5.64,1.0
MONTECARLO,BROAD,not_in_nse_index,4.0,2.25,1.0
MOOILGAS,BROAD,not_in_nse_index,0.0,0.01,0.84
MOPSE,BROAD,not_in_nse_index,0.0,0.03,1.0
MOQUALITY,BROAD,not_in_nse_index,0.5,0.5,1.0
MORARJEE,BROAD,not_in_nse_index,0.0,0.0,0.2
MOREALTY,BROAD,not_in_nse_index,6.9,4.47,1.0
MOREPENLAB,BROAD,not_in_nse_index,240.9,59.89,1.0
MOSCHIP,BROAD,not_in_nse_index,38.3,12.04,1.0
MOSERVICE,BROAD,not_in_nse_index,0.0,0.02,1.0
MOSILVER,BROAD,not_in_nse_index,1.2,0.49,1.0
MOSMALL250,BROAD,not_in_nse_index,3.3,2.29,1.0
MOTHERSUMI,BROAD,not_in_nse_index,0.0,0.0,0.0
MOTISONS,BROAD,not_in_nse_index,107.0,18.08,1.0
MOTOGENFIN,BROAD,not_in_nse_index,0.1,0.07,1.0
MOTOUR,BROAD,not_in_nse_index,0.2,0.22,1.0
MOVALUE,BROAD,not_in_nse_index,0.7,0.53,1.0
MPDL,BROAD,not_in_nse_index,0.0,0.01,0.64
MPIMANIPAL,BROAD,not_in_nse_index,33.5,7.67,0.2
MPSLTD,BROAD,not_in_nse_index,8.1,3.73,1.0
MRO-TEK,BROAD,not_in_nse_index,0.0,0.0,0.0
MSCI360,BROAD,not_in_nse_index,0.0,0.01,1.0
MSCIADD,BROAD,not_in_nse_index,0.0,0.01,1.0
MSCIINDIA,BROAD,not_in_nse_index,0.2,0.15,1.0
MSL,BROAD,not_in_nse_index,0.0,0.0,0.64
MSPL,BROAD,not_in_nse_index,3.0,1.78,1.0
MSTCLTD,BROAD,not_in_nse_index,23.6,10.85,1.0
MTARTECH,BROAD,not_in_nse_index,97.6,97.56,1.0
MTEDUCARE,BROAD,not_in_nse_index,0.0,0.01,1.0
MTNL,BROAD,not_in_nse_index,2.1,0.77,1.0
MUFIN,BROAD,not_in_nse_index,13.3,4.36,1.0
MUFTI,BROAD,not_in_nse_index,0.8,0.46,1.0
MUKANDENGG,BROAD,not_in_nse_index,0.0,0.0,0.0
MUKANDLTD,BROAD,not_in_nse_index,4.1,1.69,1.0
MUKESHB,BROAD,not_in_nse_index,0.1,0.14,0.56
MUKKA,BROAD,not_in_nse_index,3.0,1.42,1.0
MUKTAARTS,BROAD,not_in_nse_index,0.0,0.02,1.0
MULTICAP,BROAD,not_in_nse_index,0.5,0.38,1.0
MUNJALAU,BROAD,not_in_nse_index,25.1,3.42,1.0
MUNJALSHOW,BROAD,not_in_nse_index,0.9,0.44,1.0
MURUDCERA,BROAD,not_in_nse_index,0.1,0.04,1.0
MUTHOOTCAP,BROAD,not_in_nse_index,0.4,0.24,1.0
MUTHOOTMF,BROAD,not_in_nse_index,10.0,4.36,1.0
MVELECTRO,BROAD,not_in_nse_index,339.0,35.08,0.84
MVGJL,BROAD,not_in_nse_index,8.4,2.66,1.0
MWL,BROAD,not_in_nse_index,6.9,1.38,1.0
MYSORPETRO,BROAD,not_in_nse_index,0.4,0.14,0.67
N100,BROAD,not_in_nse_index,0.0,0.0,0.0
NACL-RE,BROAD,not_in_nse_index,0.0,0.0,0.0
NACLIND,BROAD,not_in_nse_index,9.2,4.07,1.0
NAGAFERT,BROAD,not_in_nse_index,0.0,0.02,0.2
NAGREE-RE,BROAD,not_in_nse_index,0.0,0.0,0.0
NAGREEKCAP,BROAD,not_in_nse_index,0.0,0.03,1.0
NAGREEKEXP,BROAD,not_in_nse_index,0.2,0.09,1.0
NAHARCAP,BROAD,not_in_nse_index,0.1,0.11,1.0
NAHARINDUS,BROAD,not_in_nse_index,0.7,0.44,1.0
NAHARPOLY,BROAD,not_in_nse_index,0.4,0.27,1.0
NAHARSPING,BROAD,not_in_nse_index,1.4,0.94,1.0
NANDANI-RE,BROAD,not_in_nse_index,0.0,0.0,0.0
NARMA-RE,BROAD,not_in_nse_index,0.0,0.0,0.0
NARMADA,BROAD,not_in_nse_index,2.0,0.6,1.0
NATCAPSUQ,BROAD,not_in_nse_index,0.6,0.39,1.0
NATHBIOGEN,BROAD,not_in_nse_index,0.4,0.28,1.0
NATIONSTD,BROAD,not_in_nse_index,0.6,0.37,1.0
NATNLSTEEL,BROAD,not_in_nse_index,0.0,0.0,0.0
NAVINIFTY,BROAD,not_in_nse_index,0.0,0.0,0.0
NAVKARCORP,BROAD,not_in_nse_index,3.2,1.81,1.0
NAVKARURB,BROAD,not_in_nse_index,0.1,0.06,1.0
NAVNETEDUL,BROAD,not_in_nse_index,2.3,1.42,1.0
NAZARA,BROAD,not_in_nse_index,85.8,36.92,1.0
NBIFIN,BROAD,not_in_nse_index,0.4,0.4,1.0
NBVENTURES,BROAD,not_in_nse_index,0.0,0.0,0.0
NCLIND,BROAD,not_in_nse_index,0.9,0.63,1.0
NCPSESDL24,BROAD,not_in_nse_index,0.0,0.0,0.0
NDGL,BROAD,not_in_nse_index,0.1,0.06,1.0
NDL,BROAD,not_in_nse_index,0.5,0.3,1.0
NDLVENTURE,BROAD,not_in_nse_index,0.3,0.27,1.0
NDRAUTO,BROAD,not_in_nse_index,2.0,0.89,1.0
NDTV,BROAD,not_in_nse_index,0.6,0.31,1.0
NDTV-RE,BROAD,not_in_nse_index,0.0,0.0,0.0
NEAGI,BROAD,not_in_nse_index,0.0,0.01,0.84
NECCLTD,BROAD,not_in_nse_index,0.2,0.17,1.0
NECLIFE,BROAD,not_in_nse_index,0.3,0.21,1.0
NECLTD-RE,BROAD,not_in_nse_index,0.0,0.0,0.0
NELCAST,BROAD,not_in_nse_index,1.7,0.89,1.0
NELCO,BROAD,not_in_nse_index,46.8,13.72,1.0
NEOGEN,BROAD,not_in_nse_index,51.5,19.85,1.0
NEPHROPLUS,BROAD,not_in_nse_index,29.1,16.82,1.0
NESCO,BROAD,not_in_nse_index,5.1,2.6,1.0
NETF,BROAD,not_in_nse_index,0.1,0.05,1.0
NETFAUTO,BROAD,not_in_nse_index,0.0,0.0,0.0
NETFCONSUM,BROAD,not_in_nse_index,0.0,0.0,0.0
NETFDIVOPP,BROAD,not_in_nse_index,0.0,0.0,0.0
NETFGILT5Y,BROAD,not_in_nse_index,0.0,0.0,0.0
NETFIT,BROAD,not_in_nse_index,0.0,0.0,0.0
NETFLTGILT,BROAD,not_in_nse_index,0.0,0.0,0.0
NETFMID150,BROAD,not_in_nse_index,0.0,0.0,0.0
NETFNIF100,BROAD,not_in_nse_index,0.0,0.0,0.0
NETFNV20,BROAD,not_in_nse_index,0.0,0.0,0.0
NETFPHARMA,BROAD,not_in_nse_index,0.0,0.0,0.0
NETFSDL26,BROAD,not_in_nse_index,0.0,0.0,0.0
NETFSILVER,BROAD,not_in_nse_index,0.0,0.0,0.0
NETWORK18,BROAD,not_in_nse_index,13.8,5.8,1.0
NEUEON,BROAD,not_in_nse_index,0.0,0.04,0.82
NEXT30ADD,BROAD,not_in_nse_index,0.0,0.02,1.0
NEXT50,BROAD,not_in_nse_index,2.9,2.05,1.0
NEXT50ADD,BROAD,not_in_nse_index,0.1,0.04,1.0
NEXT50BETA,BROAD,not_in_nse_index,1.8,1.41,1.0
NEXT50ETF,BROAD,not_in_nse_index,0.2,0.16,1.0
NEXT50IETF,BROAD,not_in_nse_index,6.0,4.27,1.0
NEXTMEDIA,BROAD,not_in_nse_index,0.0,0.02,1.0
NFL,BROAD,not_in_nse_index,4.9,1.62,1.0
NGIL,BROAD,not_in_nse_index,0.2,0.14,1.0
NGIL-RE,BROAD,not_in_nse_index,0.0,0.0,0.0
NGIL-RE1,BROAD,not_in_nse_index,0.0,0.0,0.0
NGIL-RE2,BROAD,not_in_nse_index,0.0,0.0,0.0
NGLFINE,BROAD,not_in_nse_index,4.1,1.61,1.0
NIBE,BROAD,not_in_nse_index,9.2,4.25,1.0
NIBL,BROAD,not_in_nse_index,0.1,0.06,1.0
NICCOPAR,BROAD,not_in_nse_index,0.1,0.08,0.67
NIF100BEES,BROAD,not_in_nse_index,1.4,0.97,1.0
NIF100IETF,BROAD,not_in_nse_index,0.3,0.15,1.0
NIF10GETF,BROAD,not_in_nse_index,0.0,0.0,0.0
NIF500BETA,BROAD,not_in_nse_index,0.1,0.11,0.49
NIF5GETF,BROAD,not_in_nse_index,0.0,0.0,0.0
NIFITETF,BROAD,not_in_nse_index,0.0,0.0,0.0
NIFMID150,BROAD,not_in_nse_index,0.0,0.0,0.0
NIFTY1,BROAD,not_in_nse_index,5.7,4.69,1.0
NIFTY100EW,BROAD,not_in_nse_index,0.4,0.3,1.0
NIFTY50ADD,BROAD,not_in_nse_index,0.0,0.0,0.0
NIFTYADD,BROAD,not_in_nse_index,0.2,0.18,1.0
NIFTYAXIS,BROAD,not_in_nse_index,1.9,1.73,1.0
NIFTYBEES,BROAD,not_in_nse_index,156.9,105.13,1.0
NIFTYBETA,BROAD,not_in_nse_index,3.1,2.74,1.0
NIFTYBETF,BROAD,not_in_nse_index,1.9,1.37,1.0
NIFTYCASE,BROAD,not_in_nse_index,0.8,0.64,1.0
NIFTYEES,BROAD,not_in_nse_index,0.0,0.0,0.0
NIFTYETF,BROAD,not_in_nse_index,8.2,6.48,1.0
NIFTYIETF,BROAD,not_in_nse_index,16.5,11.51,1.0
NIFTYJBLK,BROAD,not_in_nse_index,0.1,0.09,0.62
NIFTYQLITY,BROAD,not_in_nse_index,0.1,0.09,1.0
NIITLTD,BROAD,not_in_nse_index,3.7,1.71,1.0
NIITMTS,BROAD,not_in_nse_index,3.9,1.99,1.0
NILAINFRA,BROAD,not_in_nse_index,0.1,0.1,1.0
NILASPACES,BROAD,not_in_nse_index,1.6,0.78,1.0
NILE,BROAD,not_in_nse_index,0.8,0.51,1.0
NILKAMAL,BROAD,not_in_nse_index,17.7,4.63,1.0
NIMBSPROJ,BROAD,not_in_nse_index,0.8,0.16,1.0
NINSYS,BROAD,not_in_nse_index,0.3,0.25,1.0
NIPPOBATRY,BROAD,not_in_nse_index,0.1,0.05,1.0
NIRAJ,BROAD,not_in_nse_index,0.1,0.11,1.0
NIRAJISPAT,BROAD,not_in_nse_index,0.0,0.01,0.87
NIRLON,BROAD,not_in_nse_index,0.5,0.28,1.0
NITCO,BROAD,not_in_nse_index,10.6,3.72,1.0
NITINFIRE,BROAD,not_in_nse_index,0.0,0.0,0.0
NITINSPIN,BROAD,not_in_nse_index,13.2,4.36,1.0
NITIRAJ,BROAD,not_in_nse_index,0.1,0.06,1.0
NITTAGELA,BROAD,not_in_nse_index,1.1,0.63,1.0
NKIND,BROAD,not_in_nse_index,0.1,0.02,0.96
NOCIL,BROAD,not_in_nse_index,29.5,9.66,1.0
NOIDATOLL,BROAD,not_in_nse_index,0.0,0.03,1.0
NORBTEAEXP,BROAD,not_in_nse_index,0.0,0.01,1.0
NORTHARC,BROAD,not_in_nse_index,51.2,20.92,1.0
NOVAAGRI,BROAD,not_in_nse_index,0.1,0.1,1.0
NOVARTIND,BROAD,not_in_nse_index,26.3,5.67,1.0
NPBET,BROAD,not_in_nse_index,0.1,0.06,1.0
NPST,BROAD,not_in_nse_index,23.4,5.42,1.0
NRAIL,BROAD,not_in_nse_index,1.8,0.85,1.0
NRBBEARING,BROAD,not_in_nse_index,37.9,11.74,1.0
NRL,BROAD,not_in_nse_index,1.2,1.17,1.0
NSIL,BROAD,not_in_nse_index,1.2,0.8,1.0
NTCIND,BROAD,not_in_nse_index,0.0,0.02,0.69
NTL,BROAD,not_in_nse_index,0.0,0.0,0.0
NUCLEUS,BROAD,not_in_nse_index,2.3,1.18,1.0
NURECA,BROAD,not_in_nse_index,0.5,0.4,1.0
NV20,BROAD,not_in_nse_index,0.1,0.11,1.0
NV20BEES,BROAD,not_in_nse_index,0.4,0.26,1.0
NV20IETF,BROAD,not_in_nse_index,0.6,0.4,1.0
NXTDIG-RE,BROAD,not_in_nse_index,0.0,0.0,0.0
NXTDIGITAL,BROAD,not_in_nse_index,0.0,0.0,0.0
OAL,BROAD,not_in_nse_index,4.0,1.35,1.0
OBCL,BROAD,not_in_nse_index,0.1,0.07,1.0
OCCL,BROAD,not_in_nse_index,0.0,0.0,0.0
OCCLLTD,BROAD,not_in_nse_index,1.6,1.6,1.0
ODIGMA,BROAD,not_in_nse_index,0.0,0.03,1.0
ODYCORP,BROAD,not_in_nse_index,0.0,0.02,0.69
OILCOUNTUB,BROAD,not_in_nse_index,0.2,0.23,1.0
OILIETF,BROAD,not_in_nse_index,2.3,1.78,1.0
OISL,BROAD,not_in_nse_index,0.0,0.0,0.0
OMAXAUTO,BROAD,not_in_nse_index,1.7,1.12,1.0
OMAXE,BROAD,not_in_nse_index,52.1,6.37,1.0
OMFREIGHT,BROAD,not_in_nse_index,0.1,0.09,1.0
OMINFRAL,BROAD,not_in_nse_index,0.9,0.31,1.0
OMKARCHEM,BROAD,not_in_nse_index,0.0,0.0,0.0
OMMETALS,BROAD,not_in_nse_index,0.0,0.0,0.0
OMNI,BROAD,not_in_nse_index,93.0,20.67,1.0
OMPOWER,BROAD,not_in_nse_index,1.7,0.89,1.0
ONECAP-RE,BROAD,not_in_nse_index,0.0,0.0,0.0
ONEGLOBAL,BROAD,not_in_nse_index,0.6,0.44,0.69
ONELIFECAP,BROAD,not_in_nse_index,0.2,0.23,1.0
ONEPOINT,BROAD,not_in_nse_index,14.1,5.32,1.0
ONIDA,BROAD,not_in_nse_index,1.6,1.15,1.0
ONIXSOLAR,BROAD,not_in_nse_index,8.5,4.83,0.69
ONMOBILE,BROAD,not_in_nse_index,0.3,0.34,1.0
ONWARDTEC,BROAD,not_in_nse_index,1.3,0.59,1.0
OPTIEMUS,BROAD,not_in_nse_index,57.1,14.91,1.0
OPTIFIN,BROAD,not_in_nse_index,0.2,0.09,0.69
OPTOCIRCUI,BROAD,not_in_nse_index,0.0,0.0,0.0
ORBTEXP,BROAD,not_in_nse_index,0.4,0.37,1.0
ORCHASP,BROAD,not_in_nse_index,0.1,0.04,1.0
ORCHPHARMA,BROAD,not_in_nse_index,10.4,4.49,1.0
ORICONENT,BROAD,not_in_nse_index,0.5,0.47,1.0
ORIENT-RE,BROAD,not_in_nse_index,0.0,0.0,0.0
ORIENTABRA,BROAD,not_in_nse_index,0.0,0.0,0.0
ORIENTALTL,BROAD,not_in_nse_index,0.0,0.03,1.0
ORIENTBELL,BROAD,not_in_nse_index,1.5,0.84,1.0
ORIENTCEM,BROAD,not_in_nse_index,4.6,2.49,1.0
ORIENTCER,BROAD,not_in_nse_index,0.4,0.25,1.0
ORIENTELEC,BROAD,not_in_nse_index,6.6,3.25,1.0
ORIENTHOT,BROAD,not_in_nse_index,28.0,6.5,1.0
ORIENTLTD,BROAD,not_in_nse_index,0.0,0.03,1.0
ORIENTPPR,BROAD,not_in_nse_index,0.5,0.32,1.0
ORIENTREF,BROAD,not_in_nse_index,0.0,0.0,0.0
ORIENTTECH,BROAD,not_in_nse_index,9.1,2.01,1.0
ORIRAIL,BROAD,not_in_nse_index,1.8,0.73,0.69
ORISSAMINE,BROAD,not_in_nse_index,15.2,3.37,1.0
ORKLAINDIA,BROAD,not_in_nse_index,6.3,3.75,1.0
ORTEL,BROAD,not_in_nse_index,0.0,0.0,0.4
ORTINGLOBE,BROAD,not_in_nse_index,0.0,0.02,1.0
ORTINLAB,BROAD,not_in_nse_index,0.0,0.0,0.0
ORTINLABSS,BROAD,not_in_nse_index,0.0,0.0,0.0
OSIAHYPER,BROAD,not_in_nse_index,0.1,0.12,1.0
OSWALAGRO,BROAD,not_in_nse_index,0.2,0.13,1.0
OSWALGREEN,BROAD,not_in_nse_index,0.4,0.17,1.0
OSWALPUMPS,BROAD,not_in_nse_index,17.3,8.32,1.0
OSWALSEEDS,BROAD,not_in_nse_index,0.4,0.21,1.0
PACEDIGITK,BROAD,not_in_nse_index,24.9,7.11,1.0
PACIFICI,BROAD,not_in_nse_index,0.0,0.01,0.69
PAEL,BROAD,not_in_nse_index,0.0,0.0,0.0
PAISALO,BROAD,not_in_nse_index,108.5,43.89,1.0
PAKKA,BROAD,not_in_nse_index,1.7,0.69,1.0
PALASHSECU,BROAD,not_in_nse_index,0.0,0.01,1.0
PALREDTEC,BROAD,not_in_nse_index,0.0,0.02,1.0
PANACEABIO,BROAD,not_in_nse_index,5.2,2.6,1.0
PANACHE,BROAD,not_in_nse_index,0.4,0.44,1.0
PANAMAPET,BROAD,not_in_nse_index,33.6,8.2,1.0
PANCHMAHQ,BROAD,not_in_nse_index,0.0,0.0,0.51
PANORAMA,BROAD,not_in_nse_index,2.1,0.84,0.69
PANSARI,BROAD,not_in_nse_index,0.1,0.03,1.0
PAR,BROAD,not_in_nse_index,1.3,0.4,1.0
PARABDRUGS,BROAD,not_in_nse_index,0.0,0.0,0.0
PARACABLES,BROAD,not_in_nse_index,12.1,5.81,1.0
PARAGMILK,BROAD,not_in_nse_index,39.0,15.52,1.0
PARAS,BROAD,not_in_nse_index,175.7,47.77,1.0
PARASPETRO,BROAD,not_in_nse_index,0.1,0.04,1.0
PARIN,BROAD,not_in_nse_index,0.4,0.09,0.07
PARKHOSPS,BROAD,not_in_nse_index,17.1,8.92,1.0
PARKHOTELS,BROAD,not_in_nse_index,1.7,1.01,1.0
PARNAXLAB,BROAD,not_in_nse_index,0.1,0.04,0.69
PARSVNATH,BROAD,not_in_nse_index,0.2,0.16,1.0
PASHUPATI,BROAD,not_in_nse_index,0.9,0.54,1.0
PASUPTAC,BROAD,not_in_nse_index,1.1,0.73,1.0
PATEL-RE,BROAD,not_in_nse_index,0.0,0.0,0.0
PATELEG-RE,BROAD,not_in_nse_index,0.0,0.0,0.0
PATELENG,BROAD,not_in_nse_index,8.4,4.25,1.0
PATELRMART,BROAD,not_in_nse_index,1.9,1.0,1.0
PATINT-RE,BROAD,not_in_nse_index,0.0,0.0,0.0
PATINT-RE1,BROAD,not_in_nse_index,0.0,0.0,0.0
PATINT-RE2,BROAD,not_in_nse_index,0.0,0.0,0.0
PATINTLOG,BROAD,not_in_nse_index,0.1,0.1,1.0
PATSPINLTD,BROAD,not_in_nse_index,0.0,0.0,0.0
PAUSHAKLTD,BROAD,not_in_nse_index,6.7,1.94,1.0
PAVNAIND,BROAD,not_in_nse_index,0.2,0.12,1.0
PBAINFRA,BROAD,not_in_nse_index,0.0,0.0,0.0
PBMPOLY,BROAD,not_in_nse_index,0.0,0.0,0.51
PCJEWELLER,BROAD,not_in_nse_index,484.2,94.21,1.0
PDMJEPAPER,BROAD,not_in_nse_index,3.8,0.99,1.0
PDPL,BROAD,not_in_nse_index,0.0,0.0,0.0
PDSL,BROAD,not_in_nse_index,4.8,2.69,1.0
PDSMFL,BROAD,not_in_nse_index,0.0,0.0,0.0
PEARLPOLY,BROAD,not_in_nse_index,0.0,0.02,1.0
PEL,BROAD,not_in_nse_index,0.0,0.0,0.0
PENIND,BROAD,not_in_nse_index,8.8,4.15,1.0
PENINLAND,BROAD,not_in_nse_index,0.2,0.17,1.0
PERMAGN,BROAD,not_in_nse_index,0.3,0.2,0.69
PERNIASPOP,BROAD,not_in_nse_index,16.1,3.63,0.36
PFS,BROAD,not_in_nse_index,4.1,1.06,1.0
PGHH,BROAD,not_in_nse_index,15.2,8.46,1.0
PGHL,BROAD,not_in_nse_index,9.1,4.37,1.0
PGIL,BROAD,not_in_nse_index,37.8,10.48,1.0
PHARMABEES,BROAD,not_in_nse_index,11.4,7.2,1.0
PHILIPCARB,BROAD,not_in_nse_index,0.0,0.0,0.0
PHOENXINTL,BROAD,not_in_nse_index,0.0,0.01,0.69
PICCADIL,BROAD,not_in_nse_index,20.3,8.8,1.0
PIGL,BROAD,not_in_nse_index,0.7,0.42,1.0
PILANIINVS,BROAD,not_in_nse_index,1.0,0.58,1.0
PILITA,BROAD,not_in_nse_index,0.0,0.04,1.0
PIONDIST,BROAD,not_in_nse_index,0.0,0.0,0.0
PIONEEREMB,BROAD,not_in_nse_index,0.0,0.03,1.0
PIONRINV,BROAD,not_in_nse_index,0.0,0.01,0.96
PITTIENG,BROAD,not_in_nse_index,18.4,7.52,1.0
PIXTRANS,BROAD,not_in_nse_index,9.4,2.02,1.0
PKTEA,BROAD,not_in_nse_index,0.5,0.25,0.98
PLASTIBLEN,BROAD,not_in_nse_index,0.9,0.45,1.0
PLATIND,BROAD,not_in_nse_index,1.5,0.86,1.0
PLAZACABLE,BROAD,not_in_nse_index,0.6,0.37,1.0
PLPHAR-RE,BROAD,not_in_nse_index,0.0,0.0,0.0
PML,BROAD,not_in_nse_index,0.0,0.01,1.0
PNB-RE,BROAD,not_in_nse_index,0.0,0.0,0.0
PNBGILTS,BROAD,not_in_nse_index,2.7,1.22,1.0
PNC,BROAD,not_in_nse_index,0.0,0.02,1.0
PNCINFRA,BROAD,not_in_nse_index,22.5,9.87,1.0
PNGJL,BROAD,not_in_nse_index,35.2,18.47,1.0
PNGSREVA,BROAD,not_in_nse_index,25.2,6.5,1.0
POCL,BROAD,not_in_nse_index,22.5,10.97,1.0
PODDARHOUS,BROAD,not_in_nse_index,0.0,0.0,0.0
PODDARMENT,BROAD,not_in_nse_index,0.4,0.18,1.0
POEL,BROAD,not_in_nse_index,0.3,0.21,0.69
POKARNA,BROAD,not_in_nse_index,10.1,4.05,1.0
POLYPLEX,BROAD,not_in_nse_index,9.7,5.14,1.0
POLYSPIN,BROAD,not_in_nse_index,0.0,0.0,0.67
PONNIERODE,BROAD,not_in_nse_index,2.5,1.35,1.0
POWERICA,BROAD,not_in_nse_index,10.3,5.3,1.0
POWERMECH,BROAD,not_in_nse_index,15.0,7.12,1.0
PPAP,BROAD,not_in_nse_index,0.4,0.4,1.0
PPL,BROAD,not_in_nse_index,0.7,0.74,1.0
PRABHA,BROAD,not_in_nse_index,16.3,3.59,1.0
PRABHA-RE,BROAD,not_in_nse_index,0.0,0.0,0.0
PRABHAT,BROAD,not_in_nse_index,0.0,0.0,0.0
PRADIP,BROAD,not_in_nse_index,0.0,0.0,0.0
PRADPME,BROAD,not_in_nse_index,0.4,0.37,1.0
PRAENG,BROAD,not_in_nse_index,0.2,0.14,1.0
PRAJIND,BROAD,not_in_nse_index,29.2,10.77,1.0
PRAKASH,BROAD,not_in_nse_index,6.6,3.33,1.0
PRAKASHSTL,BROAD,not_in_nse_index,0.0,0.03,1.0
PRANAV,BROAD,not_in_nse_index,28.6,8.99,0.24
PRASOLCHEM,BROAD,not_in_nse_index,19.5,6.28,0.22
PRAVEG,BROAD,not_in_nse_index,1.7,1.02,1.0
PRAXIS,BROAD,not_in_nse_index,0.1,0.08,1.0
PRAXIS-RE,BROAD,not_in_nse_index,0.0,0.0,0.0
PRAXIS-RE1,BROAD,not_in_nse_index,0.0,0.0,0.0
PRAXIS-RE2,BROAD,not_in_nse_index,0.0,0.0,0.0
PRECAM,BROAD,not_in_nse_index,1.9,0.82,1.0
PRECOT,BROAD,not_in_nse_index,0.5,0.33,1.0
PRECWIRE,BROAD,not_in_nse_index,45.5,11.72,1.0
PREMCO,BROAD,not_in_nse_index,0.0,0.03,1.0
PREMEXPLN,BROAD,not_in_nse_index,16.4,11.38,1.0
PREMIER,BROAD,not_in_nse_index,0.0,0.0,1.0
PREMIERPOL,BROAD,not_in_nse_index,7.2,1.64,1.0
PRESSMN,BROAD,not_in_nse_index,0.0,0.0,0.0
PRICOLLTD,BROAD,not_in_nse_index,37.2,16.53,1.0
PRIMESECU,BROAD,not_in_nse_index,1.2,0.79,1.0
PRIMO,BROAD,not_in_nse_index,0.9,0.46,1.0
PRINCEPIPE,BROAD,not_in_nse_index,6.0,2.91,1.0
PRIORITY,BROAD,not_in_nse_index,6.3,3.6,0.38
PRISMX,BROAD,not_in_nse_index,0.0,0.01,0.69
PRITI,BROAD,not_in_nse_index,0.0,0.02,1.0
PRITIKAUTO,BROAD,not_in_nse_index,0.3,0.25,1.0
PRIVISCL,BROAD,not_in_nse_index,31.0,17.89,1.0
PROINDIA,BROAD,not_in_nse_index,0.0,0.0,0.0
PROSEED,BROAD,not_in_nse_index,0.0,0.0,0.0
PROSTARM,BROAD,not_in_nse_index,4.4,1.59,1.0
PROTEAN,BROAD,not_in_nse_index,60.0,14.65,1.0
PROZONER,BROAD,not_in_nse_index,1.5,0.99,1.0
PROZONINTU,BROAD,not_in_nse_index,0.0,0.0,0.0
PRSMJOHNSN,BROAD,not_in_nse_index,29.7,5.1,1.0
PRUDENT,BROAD,not_in_nse_index,14.7,8.27,1.0
PRUDMOULI,BROAD,not_in_nse_index,0.0,0.02,1.0
PSB,BROAD,not_in_nse_index,2.4,1.23,1.0
PSPPROJECT,BROAD,not_in_nse_index,6.7,3.06,1.0
PSUBANK,BROAD,not_in_nse_index,3.4,2.59,1.0
PSUBANKADD,BROAD,not_in_nse_index,0.3,0.24,1.0
PSUBANKICI,BROAD,not_in_nse_index,0.0,0.0,0.0
PSUBNKBEES,BROAD,not_in_nse_index,18.6,11.08,1.0
PSUBNKIETF,BROAD,not_in_nse_index,1.4,0.71,1.0
PTC,BROAD,not_in_nse_index,41.8,22.52,1.0
PTL,BROAD,not_in_nse_index,0.1,0.1,1.0
PUNJABCHEM,BROAD,not_in_nse_index,1.6,0.55,1.0
PUNJLLOYD,BROAD,not_in_nse_index,0.0,0.0,0.0
PURVA,BROAD,not_in_nse_index,26.2,2.35,1.0
PVP,BROAD,not_in_nse_index,14.0,5.67,1.0
PVR,BROAD,not_in_nse_index,0.0,0.0,0.0
PVSL,BROAD,not_in_nse_index,0.5,0.28,1.0
PVTBANIETF,BROAD,not_in_nse_index,5.8,4.05,1.0
PVTBANK,BROAD,not_in_nse_index,0.1,0.11,1.0
PVTBANKADD,BROAD,not_in_nse_index,0.9,0.85,1.0
PVTBKGROWW,BROAD,not_in_nse_index,0.0,0.03,1.0
PYRAMID,BROAD,not_in_nse_index,1.5,0.65,1.0
QGOLDHALF,BROAD,not_in_nse_index,2.6,1.15,1.0
QMSMEDI,BROAD,not_in_nse_index,0.8,0.74,1.0
QNIFTY,BROAD,not_in_nse_index,0.1,0.06,1.0
QPOWER,BROAD,not_in_nse_index,40.8,22.54,1.0
QUADFUTURE,BROAD,not_in_nse_index,74.4,10.87,1.0
QUAL30IETF,BROAD,not_in_nse_index,0.2,0.17,1.0
QUALITY,BROAD,not_in_nse_index,0.0,0.0,0.0
QUALITY30,BROAD,not_in_nse_index,0.0,0.02,1.0
QUESS,BROAD,not_in_nse_index,38.9,9.81,1.0
QUICKHEAL,BROAD,not_in_nse_index,2.1,1.03,1.0
QUINT,BROAD,not_in_nse_index,0.4,0.26,1.0
QUINTEGRA,BROAD,not_in_nse_index,0.0,0.0,0.22
RACE,BROAD,not_in_nse_index,0.6,0.33,1.0
RACLGEAR,BROAD,not_in_nse_index,13.9,4.0,1.0
RADAAN,BROAD,not_in_nse_index,0.0,0.01,1.0
RADHIKAJWE,BROAD,not_in_nse_index,20.2,3.22,1.0
RADIANTCMS,BROAD,not_in_nse_index,1.3,0.75,1.0
RADIOCITY,BROAD,not_in_nse_index,0.0,0.04,1.0
RAIN,BROAD,not_in_nse_index,108.0,42.39,1.0
RAJESHEXPO,BROAD,not_in_nse_index,1.3,1.29,1.0
RAJMET,BROAD,not_in_nse_index,0.1,0.09,1.0
RAJOOENG,BROAD,not_in_nse_index,1.0,1.01,1.0
RAJPALAYAM,BROAD,not_in_nse_index,0.1,0.09,1.0
RAJRATAN,BROAD,not_in_nse_index,6.7,2.91,1.0
RAJRAYON,BROAD,not_in_nse_index,0.0,0.0,0.0
RAJRILTD,BROAD,not_in_nse_index,0.0,0.03,1.0
RAJSREESUG,BROAD,not_in_nse_index,0.4,0.2,1.0
RAJTV,BROAD,not_in_nse_index,0.1,0.06,1.0
RAJVIR,BROAD,not_in_nse_index,0.0,0.0,0.13
RALLIS,BROAD,not_in_nse_index,14.3,7.89,1.0
RAMANEWS,BROAD,not_in_nse_index,0.1,0.09,1.0
RAMAPHO,BROAD,not_in_nse_index,0.4,0.23,1.0
RAMASTEEL,BROAD,not_in_nse_index,0.9,0.88,1.0
RAMBHAJO,BROAD,not_in_nse_index,38.7,8.25,1.0
RAMCOIND,BROAD,not_in_nse_index,24.6,3.32,1.0
RAMCOSYS,BROAD,not_in_nse_index,10.4,4.57,1.0
RAMKY,BROAD,not_in_nse_index,1.5,0.87,1.0
RAMRAT,BROAD,not_in_nse_index,21.9,8.64,1.0
RAMSARUP,BROAD,not_in_nse_index,0.0,0.0,0.0
RANASUG,BROAD,not_in_nse_index,1.0,0.55,1.0
RANEENGINE,BROAD,not_in_nse_index,0.0,0.0,0.0
RANEHOLDIN,BROAD,not_in_nse_index,3.5,1.71,1.0
RATEGAIN,BROAD,not_in_nse_index,44.4,19.2,1.0
RATNA-RE,BROAD,not_in_nse_index,0.0,0.01,0.04
RATNAMANI,BROAD,not_in_nse_index,26.9,9.03,1.0
RATNAVEER,BROAD,not_in_nse_index,227.5,48.89,1.0
RAYMOND,BROAD,not_in_nse_index,311.6,40.78,1.0
RAYMONDLSL,BROAD,not_in_nse_index,19.9,8.5,1.0
RAYMONDREL,BROAD,not_in_nse_index,90.3,17.33,1.0
RBA,BROAD,not_in_nse_index,110.8,31.21,1.0
RBL,BROAD,not_in_nse_index,0.0,0.0,0.0
RBZJEWEL,BROAD,not_in_nse_index,16.0,2.53,1.0
RCF,BROAD,not_in_nse_index,17.0,5.7,1.0
RCOM,BROAD,not_in_nse_index,0.3,0.26,1.0
REDTAPE,BROAD,not_in_nse_index,15.9,2.76,1.0
REFEX,BROAD,not_in_nse_index,16.0,4.98,1.0
REGAAL,BROAD,not_in_nse_index,5.7,2.18,1.0
REGENCERAM,BROAD,not_in_nse_index,0.1,0.03,1.0
RELAXO,BROAD,not_in_nse_index,10.5,3.99,1.0
RELCAPITAL,BROAD,not_in_nse_index,0.0,0.0,0.0
RELCHEMQ,BROAD,not_in_nse_index,0.1,0.05,1.0
RELIABLE,BROAD,not_in_nse_index,0.6,0.26,1.0
RELIGARE,BROAD,not_in_nse_index,27.6,15.63,1.0
RELINFRA,BROAD,not_in_nse_index,1.8,1.81,0.91
RELTD,BROAD,not_in_nse_index,2.8,1.51,1.0
RELTD-RE,BROAD,not_in_nse_index,0.0,0.0,0.0
REMSONSIND,BROAD,not_in_nse_index,3.3,1.31,1.0
RENTOMOJO,BROAD,not_in_nse_index,130.6,35.78,0.2
RENUKA,BROAD,not_in_nse_index,48.2,12.88,1.0
REPCOHOME,BROAD,not_in_nse_index,3.6,2.18,1.0
REPL,BROAD,not_in_nse_index,0.0,0.03,1.0
REPRO,BROAD,not_in_nse_index,1.3,0.7,1.0
RESPONIND,BROAD,not_in_nse_index,26.3,2.16,1.0
RETAIL,BROAD,not_in_nse_index,0.0,0.02,1.0
REVATHI,BROAD,not_in_nse_index,0.0,0.0,0.0
REVATHIEQU,BROAD,not_in_nse_index,0.0,0.0,0.0
RGL,BROAD,not_in_nse_index,31.4,6.72,1.0
RHETAN,BROAD,not_in_nse_index,33.0,9.61,1.0
RHFL,BROAD,not_in_nse_index,0.1,0.12,1.0
RHL,BROAD,not_in_nse_index,0.1,0.05,1.0
RICOAUTO,BROAD,not_in_nse_index,23.2,7.7,1.0
RIIL,BROAD,not_in_nse_index,5.2,1.3,1.0
RIR,BROAD,not_in_nse_index,35.9,4.93,1.0
RISHABH,BROAD,not_in_nse_index,22.0,9.5,1.0
RITCO,BROAD,not_in_nse_index,3.8,1.81,1.0
RKDL,BROAD,not_in_nse_index,0.0,0.02,1.0
RKEC,BROAD,not_in_nse_index,0.2,0.08,1.0
RKSWAMY,BROAD,not_in_nse_index,0.4,0.27,1.0
RMC,BROAD,not_in_nse_index,2.5,0.85,1.0
RMCL,BROAD,not_in_nse_index,0.0,0.0,0.0
RMDRIP,BROAD,not_in_nse_index,1.2,1.11,1.0
RML,BROAD,not_in_nse_index,16.7,3.49,1.0
RNAVAL,BROAD,not_in_nse_index,0.0,0.0,0.0
RNBDENIMS,BROAD,not_in_nse_index,0.2,0.18,1.0
ROHITFERRO,BROAD,not_in_nse_index,0.0,0.0,0.0
ROHLTD,BROAD,not_in_nse_index,0.7,0.4,1.0
ROLEXRINGS,BROAD,not_in_nse_index,73.7,18.2,1.0
ROLLT,BROAD,not_in_nse_index,0.3,0.28,1.0
ROLTA,BROAD,not_in_nse_index,0.0,0.0,0.0
ROML,BROAD,not_in_nse_index,0.0,0.01,1.0
ROML-RE,BROAD,not_in_nse_index,0.0,0.0,0.0
ROSSARI,BROAD,not_in_nse_index,3.6,1.81,1.0
ROSSELLIND,BROAD,not_in_nse_index,0.7,0.32,1.0
ROSSTECH,BROAD,not_in_nse_index,49.6,13.68,1.0
ROTO,BROAD,not_in_nse_index,3.1,1.02,1.0
ROUTE,BROAD,not_in_nse_index,12.7,4.64,1.0
RPEL,BROAD,not_in_nse_index,17.8,7.77,1.0
RPGLIFE,BROAD,not_in_nse_index,7.2,3.1,1.0
RPP-RE,BROAD,not_in_nse_index,0.0,0.0,0.0
RPPINFRA,BROAD,not_in_nse_index,1.4,1.16,1.0
RPPL,BROAD,not_in_nse_index,0.2,0.17,1.0
RPSGVENT,BROAD,not_in_nse_index,2.7,1.48,1.0
RPTECH,BROAD,not_in_nse_index,45.7,17.89,1.0
RRECL,BROAD,not_in_nse_index,0.0,0.01,0.67
RRIL,BROAD,not_in_nse_index,0.0,0.03,1.0
RSDFIN,BROAD,not_in_nse_index,0.2,0.05,1.0
RSL,BROAD,not_in_nse_index,10.8,4.7,1.0
RSSOFTWARE,BROAD,not_in_nse_index,0.1,0.07,1.0
RSWM,BROAD,not_in_nse_index,1.5,1.3,1.0
RSWM-RE,BROAD,not_in_nse_index,0.0,0.0,0.0
RSYSTEMS,BROAD,not_in_nse_index,86.4,6.4,1.0
RTNINDIA,BROAD,not_in_nse_index,4.5,2.08,1.0
RTNINFRA,BROAD,not_in_nse_index,0.0,0.0,0.0
RTNPOWER,BROAD,not_in_nse_index,13.9,6.22,1.0
RTSPOWR,BROAD,not_in_nse_index,0.1,0.06,0.69
RUBFILA,BROAD,not_in_nse_index,0.3,0.22,1.0
RUBICON,BROAD,not_in_nse_index,60.8,27.03,1.0
RUBYMILLS,BROAD,not_in_nse_index,1.1,0.6,1.0
RUCHI,BROAD,not_in_nse_index,0.0,0.0,0.0
RUCHINFRA,BROAD,not_in_nse_index,0.0,0.03,1.0
RUCHIRA,BROAD,not_in_nse_index,0.5,0.27,1.0
RUDRA,BROAD,not_in_nse_index,0.4,0.23,1.0
RUPA,BROAD,not_in_nse_index,1.6,0.82,1.0
RUSHI-RE1,BROAD,not_in_nse_index,0.0,0.0,0.0
RUSHIL,BROAD,not_in_nse_index,1.2,0.5,1.0
RUSTOMJEE,BROAD,not_in_nse_index,10.7,2.68,1.0
RVHL,BROAD,not_in_nse_index,0.0,0.03,1.0
RVTH,BROAD,not_in_nse_index,0.1,0.06,1.0
S&SPOWER,BROAD,not_in_nse_index,0.2,0.11,1.0
SAATVIKGL,BROAD,not_in_nse_index,6.2,2.06,1.0
SAB,BROAD,not_in_nse_index,0.0,0.0,0.51
SABEVENTS,BROAD,not_in_nse_index,0.0,0.0,0.13
SABTN,BROAD,not_in_nse_index,0.0,0.0,0.0
SABTNL,BROAD,not_in_nse_index,0.0,0.0,0.0
SADBHAV,BROAD,not_in_nse_index,0.3,0.17,1.0
SADBHIN,BROAD,not_in_nse_index,0.0,0.04,1.0
SADHNA-RE,BROAD,not_in_nse_index,0.0,0.0,0.0
SADHNAN-RE,BROAD,not_in_nse_index,0.0,0.0,0.0
SADHNANIQ,BROAD,not_in_nse_index,0.6,0.55,1.0
SAFARI,BROAD,not_in_nse_index,6.1,3.45,1.0
SAGARDEEP,BROAD,not_in_nse_index,0.0,0.02,1.0
SAGCEM,BROAD,not_in_nse_index,0.8,0.52,1.0
SAH,BROAD,not_in_nse_index,0.0,0.0,0.0
SAHLIBHFI,BROAD,not_in_nse_index,0.6,0.4,1.0
SAHYADRI,BROAD,not_in_nse_index,1.0,0.55,1.0
SAICAPI,BROAD,not_in_nse_index,0.0,0.0,0.67
SAIPARENT,BROAD,not_in_nse_index,6.0,2.94,1.0
SAKAR,BROAD,not_in_nse_index,16.2,6.61,1.0
SAKHTISUG,BROAD,not_in_nse_index,0.7,0.31,1.0
SAKSOFT,BROAD,not_in_nse_index,6.5,2.19,1.0
SAKUMA,BROAD,not_in_nse_index,0.2,0.12,1.0
SAKUMA-RE,BROAD,not_in_nse_index,0.0,0.0,0.0
SALASAR,BROAD,not_in_nse_index,3.0,1.64,1.0
SALONA,BROAD,not_in_nse_index,0.0,0.02,1.0
SALSTEEL,BROAD,not_in_nse_index,4.9,1.82,1.0
SALZERELEC,BROAD,not_in_nse_index,3.0,1.52,1.0
SAMBANDAM,BROAD,not_in_nse_index,0.1,0.02,0.62
SAMBHAAV,BROAD,not_in_nse_index,0.0,0.02,1.0
SAMBHV,BROAD,not_in_nse_index,59.8,14.46,1.0
SAMHI,BROAD,not_in_nse_index,21.3,8.99,1.0
SAMPANN,BROAD,not_in_nse_index,0.0,0.04,1.0
SANATHAN,BROAD,not_in_nse_index,5.5,2.71,1.0
SANCO,BROAD,not_in_nse_index,0.0,0.0,0.0
SANDESH,BROAD,not_in_nse_index,0.5,0.19,1.0
SANDHAR,BROAD,not_in_nse_index,14.0,6.33,1.0
SANDUMA,BROAD,not_in_nse_index,13.1,5.92,1.0
SANG-RE,BROAD,not_in_nse_index,0.0,0.0,0.0
SANGAMIND,BROAD,not_in_nse_index,2.3,1.03,1.0
SANGHIIND,BROAD,not_in_nse_index,0.0,0.0,0.0
SANGHVIFOR,BROAD,not_in_nse_index,0.0,0.0,0.0
SANGHVIMOV,BROAD,not_in_nse_index,19.9,8.72,1.0
SANGINITA,BROAD,not_in_nse_index,2.0,2.03,0.93
SANOFI,BROAD,not_in_nse_index,7.5,4.4,1.0
SANOFICONR,BROAD,not_in_nse_index,3.9,2.77,1.0
SANSERA,BROAD,not_in_nse_index,110.4,50.69,1.0
SANSTAR,BROAD,not_in_nse_index,2.6,1.09,1.0
SANWARIA,BROAD,not_in_nse_index,0.0,0.01,1.0
SAPPL,BROAD,not_in_nse_index,0.0,0.03,1.0
SARLAPOLY,BROAD,not_in_nse_index,0.6,0.37,1.0
SARVES-RE,BROAD,not_in_nse_index,0.0,0.0,0.0
SARVESHWAR,BROAD,not_in_nse_index,0.7,0.51,1.0
SASKEN,BROAD,not_in_nse_index,4.5,2.65,1.0
SASTASUNDR,BROAD,not_in_nse_index,0.0,0.0,0.0
SATHAISPAT,BROAD,not_in_nse_index,0.0,0.0,0.0
SATIA,BROAD,not_in_nse_index,0.8,0.5,1.0
SATIN,BROAD,not_in_nse_index,8.0,3.98,1.0
SATINDLTD,BROAD,not_in_nse_index,0.0,0.0,0.0
SAURASHCEM,BROAD,not_in_nse_index,2.0,0.57,1.0
SAYAJIHOTL,BROAD,not_in_nse_index,0.0,0.01,0.96
SAYAJIIND,BROAD,not_in_nse_index,0.0,0.01,0.69
SBC,BROAD,not_in_nse_index,44.7,16.72,1.0
SBCL,BROAD,not_in_nse_index,71.3,19.7,1.0
SBGLP,BROAD,not_in_nse_index,0.3,0.14,1.0
SBIBPB,BROAD,not_in_nse_index,1.3,1.12,1.0
SBIETFCON,BROAD,not_in_nse_index,0.1,0.08,1.0
SBIETFIT,BROAD,not_in_nse_index,0.5,0.39,1.0
SBIETFPB,BROAD,not_in_nse_index,2.1,2.11,1.0
SBIETFQLTY,BROAD,not_in_nse_index,0.1,0.1,1.0
SBIFUNDS,BROAD,not_in_nse_index,101.1,58.06,1.0
SBILIQETF,BROAD,not_in_nse_index,13.7,11.9,1.0
SBIMIDMOM,BROAD,not_in_nse_index,2.9,2.82,1.0
SBINEQWETF,BROAD,not_in_nse_index,0.2,0.11,1.0
SBINMID150,BROAD,not_in_nse_index,0.1,0.07,1.0
SBISILVER,BROAD,not_in_nse_index,25.4,10.9,1.0
SBISMLETF,BROAD,not_in_nse_index,0.1,0.08,1.0
SBIVALETF,BROAD,not_in_nse_index,0.0,0.03,1.0
SCANSTL,BROAD,not_in_nse_index,1.0,0.6,1.0
SCAPDVR,BROAD,not_in_nse_index,0.0,0.0,0.0
SCHAND,BROAD,not_in_nse_index,0.5,0.29,1.0
SCILAL,BROAD,not_in_nse_index,0.9,0.57,1.0
SCODATUBES,BROAD,not_in_nse_index,3.6,1.92,1.0
SCPL,BROAD,not_in_nse_index,3.5,1.67,1.0
SDBL,BROAD,not_in_nse_index,11.6,2.62,1.0
SDBL-RE,BROAD,not_in_nse_index,0.0,0.0,0.0
SDBL-RE1,BROAD,not_in_nse_index,0.0,0.0,0.0
SDL24BEES,BROAD,not_in_nse_index,0.0,0.0,0.0
SDL26BEES,BROAD,not_in_nse_index,0.0,0.0,0.0
SEAMECLTD,BROAD,not_in_nse_index,16.2,8.77,1.0
SECLEDBETA,BROAD,not_in_nse_index,0.1,0.12,0.18
SECMARK,BROAD,not_in_nse_index,0.1,0.05,1.0
SECURCRED,BROAD,not_in_nse_index,0.0,0.0,0.0
SECURKLOUD,BROAD,not_in_nse_index,0.0,0.03,1.0
SEDEMAC,BROAD,not_in_nse_index,66.9,27.12,1.0
SEIL,BROAD,not_in_nse_index,5.1,3.59,1.0
SEJALLTD,BROAD,not_in_nse_index,0.9,0.79,1.0
SEKURITIND,BROAD,not_in_nse_index,0.2,0.13,0.69
SELAN,BROAD,not_in_nse_index,0.0,0.0,0.0
SELECTIPO,BROAD,not_in_nse_index,0.3,0.2,1.0
SELMC,BROAD,not_in_nse_index,0.0,0.02,0.78
SELMCL,BROAD,not_in_nse_index,0.0,0.0,0.0
SEMAC,BROAD,not_in_nse_index,0.0,0.01,0.98
SENCO,BROAD,not_in_nse_index,46.6,17.68,1.0
SENORES,BROAD,not_in_nse_index,36.2,16.23,1.0
SENSEXADD,BROAD,not_in_nse_index,0.0,0.01,1.0
SENSEXAXIS,BROAD,not_in_nse_index,0.1,0.04,1.0
SENSEXBETA,BROAD,not_in_nse_index,0.6,0.58,1.0
SENSEXETF,BROAD,not_in_nse_index,0.2,0.14,1.0
SENSEXIETF,BROAD,not_in_nse_index,2.0,1.67,1.0
SEPC,BROAD,not_in_nse_index,8.7,3.19,1.0
SEPC-RE,BROAD,not_in_nse_index,0.0,0.0,0.0
SEPC-RE1,BROAD,not_in_nse_index,0.0,0.0,0.0
SEPC-RE2,BROAD,not_in_nse_index,0.0,0.0,0.0
SEPC-RE3,BROAD,not_in_nse_index,0.0,0.0,0.0
SEPOWER,BROAD,not_in_nse_index,0.0,0.0,0.0
SEQUENT,BROAD,not_in_nse_index,0.0,0.0,0.0
SERVOTECH,BROAD,not_in_nse_index,4.2,1.96,1.0
SESHAPAPER,BROAD,not_in_nse_index,1.4,0.74,1.0
SETCO,BROAD,not_in_nse_index,0.1,0.09,1.0
SETF10GILT,BROAD,not_in_nse_index,0.1,0.09,1.0
SETFGOLD,BROAD,not_in_nse_index,65.5,38.87,1.0
SETFNIF50,BROAD,not_in_nse_index,22.3,16.88,1.0
SETFNIFBK,BROAD,not_in_nse_index,3.3,2.66,1.0
SETFNN50,BROAD,not_in_nse_index,2.6,1.74,1.0
SETL,BROAD,not_in_nse_index,36.9,20.18,1.0
SETUINFRA,BROAD,not_in_nse_index,0.0,0.0,1.0
SEYAIND,BROAD,not_in_nse_index,0.0,0.01,1.0
SEZAL,BROAD,not_in_nse_index,0.0,0.0,0.0
SFHL-RE,BROAD,not_in_nse_index,0.0,0.0,0.0
SFL,BROAD,not_in_nse_index,20.1,7.14,1.0
SGFIN,BROAD,not_in_nse_index,14.5,7.31,1.0
SGIL,BROAD,not_in_nse_index,0.8,0.52,1.0
SGIL-RE,BROAD,not_in_nse_index,0.0,0.0,0.0
SGL,BROAD,not_in_nse_index,0.0,0.01,1.0
SGLRES,BROAD,not_in_nse_index,0.0,0.01,0.69
SGLTL,BROAD,not_in_nse_index,0.0,0.0,0.0
SGMART,BROAD,not_in_nse_index,23.2,11.28,1.0
SGRL,BROAD,not_in_nse_index,1.2,0.68,0.69
SHADOWFAX,BROAD,not_in_nse_index,176.3,74.77,1.0
SHAH,BROAD,not_in_nse_index,2.8,1.1,1.0
SHAH-RE1,BROAD,not_in_nse_index,0.0,0.0,0.0
SHAHALLOYS,BROAD,not_in_nse_index,1.2,0.7,1.0
SHAILY,BROAD,not_in_nse_index,58.1,23.91,1.0
SHAKTIPUMP,BROAD,not_in_nse_index,33.7,9.1,1.0
SHALBY,BROAD,not_in_nse_index,1.3,0.76,1.0
SHALPAINTS,BROAD,not_in_nse_index,4.6,2.19,1.0
SHANKARA,BROAD,not_in_nse_index,2.3,1.8,1.0
SHANKESH,BROAD,not_in_nse_index,60.6,15.6,0.56
SHANTI,BROAD,not_in_nse_index,0.0,0.02,1.0
SHANTI-RE,BROAD,not_in_nse_index,0.0,0.03,0.07
SHANTIGEAR,BROAD,not_in_nse_index,29.1,4.37,1.0
SHANTIGOLD,BROAD,not_in_nse_index,88.8,23.7,1.0
SHARDACROP,BROAD,not_in_nse_index,13.5,6.96,1.0
SHARDAMOTR,BROAD,not_in_nse_index,8.0,3.76,1.0
SHARDUL,BROAD,not_in_nse_index,0.1,0.1,1.0
SHARE-RE,BROAD,not_in_nse_index,0.0,0.0,0.0
SHAREINDIA,BROAD,not_in_nse_index,85.1,9.68,1.0
SHARIABEES,BROAD,not_in_nse_index,0.4,0.29,1.0
SHBAJRG,BROAD,not_in_nse_index,0.1,0.05,1.0
SHEKHAWATI,BROAD,not_in_nse_index,0.2,0.13,1.0
SHEMAROO,BROAD,not_in_nse_index,0.1,0.12,1.0
SHERVANI,BROAD,not_in_nse_index,0.0,0.01,0.64
SHIL,BROAD,not_in_nse_index,0.0,0.0,0.0
SHILCTECH,BROAD,not_in_nse_index,11.0,5.4,1.0
SHILGRAVQ,BROAD,not_in_nse_index,0.1,0.06,0.69
SHILPAMED,BROAD,not_in_nse_index,171.7,46.96,1.0
SHINDL,BROAD,not_in_nse_index,3.1,1.11,1.0
SHIPROCKET,BROAD,not_in_nse_index,204.3,47.39,0.64
SHIRPUR-G,BROAD,not_in_nse_index,0.0,0.0,0.0
SHIVAAGRO,BROAD,not_in_nse_index,0.0,0.01,0.69
SHIVACEM,BROAD,not_in_nse_index,0.1,0.05,0.69
SHIVALIK,BROAD,not_in_nse_index,2.9,1.65,1.0
SHIVAM-RE,BROAD,not_in_nse_index,0.0,0.0,0.0
SHIVAMAUTO,BROAD,not_in_nse_index,0.1,0.07,1.0
SHIVAMILLS,BROAD,not_in_nse_index,0.0,0.01,1.0
SHIVATEX,BROAD,not_in_nse_index,0.1,0.09,1.0
SHIVAUM,BROAD,not_in_nse_index,2.3,1.89,1.0
SHK,BROAD,not_in_nse_index,14.1,4.19,1.0
SHOPERSTOP,BROAD,not_in_nse_index,8.4,1.05,1.0
SHRADDHA,BROAD,not_in_nse_index,0.1,0.05,0.69
SHRADHA,BROAD,not_in_nse_index,0.1,0.04,1.0
SHRADHA-RE,BROAD,not_in_nse_index,0.0,0.0,0.0
SHREDIGCEM,BROAD,not_in_nse_index,0.7,0.38,1.0
SHREEJISPG,BROAD,not_in_nse_index,70.9,28.7,1.0
SHREEPUSHK,BROAD,not_in_nse_index,4.4,1.8,1.0
SHREERAMA,BROAD,not_in_nse_index,0.5,0.3,1.0
SHRENIK,BROAD,not_in_nse_index,0.0,0.01,1.0
SHRERA-RE,BROAD,not_in_nse_index,0.0,0.0,0.0
SHREYANIND,BROAD,not_in_nse_index,0.1,0.06,1.0
SHREYAS,BROAD,not_in_nse_index,0.0,0.0,0.0
SHRIKRISH,BROAD,not_in_nse_index,0.0,0.0,0.93
SHRINGARMS,BROAD,not_in_nse_index,9.9,3.11,1.0
SHRIPISTON,BROAD,not_in_nse_index,34.7,18.27,1.0
SHRIRAMCIT,BROAD,not_in_nse_index,0.0,0.0,0.0
SHRIRAMEPC,BROAD,not_in_nse_index,0.0,0.0,0.0
SHRIRAMPPS,BROAD,not_in_nse_index,3.3,1.92,1.0
SHRJAGP,BROAD,not_in_nse_index,0.0,0.02,0.69
SHUKRAPHAR,BROAD,not_in_nse_index,11.5,4.0,0.71
SHYAMCENT,BROAD,not_in_nse_index,0.0,0.04,1.0
SHYAMTEL,BROAD,not_in_nse_index,0.0,0.01,1.0
SICAGEN,BROAD,not_in_nse_index,0.6,0.28,1.0
SICAL,BROAD,not_in_nse_index,0.0,0.0,0.0
SICAL-RE,BROAD,not_in_nse_index,0.0,0.0,0.0
SICALLOG,BROAD,not_in_nse_index,0.5,0.48,1.0
SIEL,BROAD,not_in_nse_index,0.0,0.01,0.64
SIGACHI,BROAD,not_in_nse_index,14.2,5.75,1.0
SIGIND,BROAD,not_in_nse_index,0.4,0.29,1.0
SIGMA,BROAD,not_in_nse_index,2.0,0.56,1.0
SIGMAADV,BROAD,not_in_nse_index,23.5,21.12,1.0
SIGNPOST,BROAD,not_in_nse_index,5.0,1.4,1.0
SIKA,BROAD,not_in_nse_index,4.6,1.68,1.0
SIKKO,BROAD,not_in_nse_index,0.5,0.43,1.0
SIKKO-RE,BROAD,not_in_nse_index,0.0,0.0,0.0
SIL,BROAD,not_in_nse_index,0.3,0.15,1.0
SILGO,BROAD,not_in_nse_index,1.0,0.38,1.0
SILGO-RE,BROAD,not_in_nse_index,0.0,0.0,0.0
SILGO-RE1,BROAD,not_in_nse_index,0.0,0.0,0.0
SILINV,BROAD,not_in_nse_index,0.1,0.08,1.0
SILLYMONKS,BROAD,not_in_nse_index,0.0,0.02,0.71
SILVER,BROAD,not_in_nse_index,21.8,7.92,1.0
SILVER001,BROAD,not_in_nse_index,0.1,0.09,0.56
SILVER1,BROAD,not_in_nse_index,22.0,11.79,1.0
SILVER360,BROAD,not_in_nse_index,0.5,0.29,1.0
SILVERADD,BROAD,not_in_nse_index,8.2,3.85,1.0
SILVERAG,BROAD,not_in_nse_index,6.0,2.87,1.0
SILVERAXIS,BROAD,not_in_nse_index,13.6,9.16,1.0
SILVERBEES,BROAD,not_in_nse_index,489.3,198.71,1.0
SILVERBETA,BROAD,not_in_nse_index,12.4,5.83,1.0
SILVERBND,BROAD,not_in_nse_index,0.5,0.33,1.0
SILVERCASE,BROAD,not_in_nse_index,19.8,7.36,1.0
SILVERETF,BROAD,not_in_nse_index,0.0,0.0,0.0
SILVERIETF,BROAD,not_in_nse_index,72.7,33.53,1.0
SILVERTUC,BROAD,not_in_nse_index,10.2,4.03,1.0
SILVRETF,BROAD,not_in_nse_index,0.0,0.0,0.0
SIMBHALS,BROAD,not_in_nse_index,0.0,0.01,1.0
SIMPLEXINF,BROAD,not_in_nse_index,3.0,1.86,1.0
SIMPLXREA,BROAD,not_in_nse_index,0.0,0.0,0.62
SINCLAIR,BROAD,not_in_nse_index,0.3,0.17,1.0
SINDHUTRAD,BROAD,not_in_nse_index,4.4,2.41,1.0
SINGERIND,BROAD,not_in_nse_index,1.5,0.87,1.0
SINTERCOM,BROAD,not_in_nse_index,0.1,0.11,1.0
SINTEX,BROAD,not_in_nse_index,0.0,0.0,0.0
SIRCA,BROAD,not_in_nse_index,16.4,5.93,1.0
SIS,BROAD,not_in_nse_index,12.1,6.35,1.0
SITINET,BROAD,not_in_nse_index,0.0,0.02,1.0
SIYSIL,BROAD,not_in_nse_index,2.9,1.54,1.0
SJS,BROAD,not_in_nse_index,41.8,22.72,1.0
SKFINDIA,BROAD,not_in_nse_index,14.4,6.11,1.0
SKFINDUS,BROAD,not_in_nse_index,22.8,13.74,1.0
SKIL,BROAD,not_in_nse_index,0.0,0.0,0.2
SKIPPER,BROAD,not_in_nse_index,63.8,22.57,1.0
SKIPPER-RE,BROAD,not_in_nse_index,0.0,0.0,0.0
SKMEGGPROD,BROAD,not_in_nse_index,11.3,4.31,1.0
SKYGOLD,BROAD,not_in_nse_index,83.8,36.33,1.0
SKYWAYS,BROAD,not_in_nse_index,82.0,12.64,0.44
SMALL250,BROAD,not_in_nse_index,0.7,0.47,1.0
SMALLADD,BROAD,not_in_nse_index,0.1,0.11,1.0
SMALLCAP,BROAD,not_in_nse_index,8.9,5.43,1.0
SMALLGROWW,BROAD,not_in_nse_index,0.0,0.04,1.0
SMALLIETF,BROAD,not_in_nse_index,0.1,0.06,1.0
SMARTLINK,BROAD,not_in_nse_index,0.1,0.12,1.0
SMARTWORKS,BROAD,not_in_nse_index,5.5,3.3,1.0
SMCGLOBAL,BROAD,not_in_nse_index,24.6,5.1,1.0
SML100CASE,BROAD,not_in_nse_index,1.9,1.26,1.0
SMLISUZU,BROAD,not_in_nse_index,0.0,0.0,0.0
SMLMAH,BROAD,not_in_nse_index,110.3,30.49,1.0
SMLT,BROAD,not_in_nse_index,0.0,0.03,1.0
SMPL,BROAD,not_in_nse_index,0.0,0.0,0.0
SMSLIFE,BROAD,not_in_nse_index,0.0,0.0,0.0
SMSPHARMA,BROAD,not_in_nse_index,34.5,10.09,1.0
SNOWMAN,BROAD,not_in_nse_index,0.8,0.38,1.0
SNXT30BEES,BROAD,not_in_nse_index,0.1,0.05,1.0
SNXT50BETA,BROAD,not_in_nse_index,0.0,0.02,1.0
SOBHA-RE,BROAD,not_in_nse_index,0.0,0.0,0.0
SOFTTECH,BROAD,not_in_nse_index,0.3,0.25,1.0
SOLARA,BROAD,not_in_nse_index,36.4,11.02,1.0
SOLARA-RE,BROAD,not_in_nse_index,0.0,0.0,0.0
SOLARWORLD,BROAD,not_in_nse_index,5.3,2.85,1.0
SOLEX,BROAD,not_in_nse_index,5.0,1.68,1.0
SOMANYCERA,BROAD,not_in_nse_index,11.2,5.34,1.0
SOMATEX,BROAD,not_in_nse_index,0.1,0.07,1.0
SOMICONVEY,BROAD,not_in_nse_index,0.4,0.13,1.0
SONA,BROAD,not_in_nse_index,0.9,0.94,0.09
SONAL,BROAD,not_in_nse_index,0.0,0.0,0.8
SONAMCLOCK,BROAD,not_in_nse_index,0.0,0.0,0.0
SONAMLTD,BROAD,not_in_nse_index,1.0,0.65,1.0
SORILINFRA,BROAD,not_in_nse_index,0.0,0.0,0.0
SOTL,BROAD,not_in_nse_index,63.7,12.67,1.0
SOUTH-RE,BROAD,not_in_nse_index,0.0,0.0,0.0
SOUTHBANK,BROAD,not_in_nse_index,46.2,19.95,1.0
SOUTHWEST,BROAD,not_in_nse_index,5.6,2.53,1.0
SPAL,BROAD,not_in_nse_index,9.1,3.46,1.0
SPAND-RE,BROAD,not_in_nse_index,0.0,0.0,0.0
SPANDANA,BROAD,not_in_nse_index,3.5,1.77,1.0
SPARC,BROAD,not_in_nse_index,19.8,8.1,1.0
SPCENET,BROAD,not_in_nse_index,0.3,0.2,1.0
SPECIALITY,BROAD,not_in_nse_index,1.1,0.67,1.0
SPECTRUM,BROAD,not_in_nse_index,5.5,3.32,1.0
SPELS,BROAD,not_in_nse_index,0.3,0.17,0.47
SPENCERS,BROAD,not_in_nse_index,0.1,0.08,1.0
SPENTEX,BROAD,not_in_nse_index,0.0,0.0,0.0
SPIC,BROAD,not_in_nse_index,2.9,1.37,1.0
SPICEJET,BROAD,not_in_nse_index,0.0,0.0,0.0
SPLIL,BROAD,not_in_nse_index,0.0,0.02,1.0
SPMLINFRA,BROAD,not_in_nse_index,3.3,1.73,1.0
SPORTKING,BROAD,not_in_nse_index,15.4,5.05,1.0
SPTL,BROAD,not_in_nse_index,0.0,0.0,0.0
SPYL,BROAD,not_in_nse_index,0.0,0.0,0.0
SRD,BROAD,not_in_nse_index,0.1,0.1,1.0
SREEL,BROAD,not_in_nse_index,1.5,0.86,1.0
SREINFRA,BROAD,not_in_nse_index,0.0,0.0,0.0
SRGHFL,BROAD,not_in_nse_index,0.4,0.29,1.0
SRHHYPOLTD,BROAD,not_in_nse_index,1.8,0.88,1.0
SRIKPRIND,BROAD,not_in_nse_index,0.1,0.04,0.67
SRIPIPES,BROAD,not_in_nse_index,0.0,0.0,0.0
SRM,BROAD,not_in_nse_index,3.7,1.95,1.0
SRPL,BROAD,not_in_nse_index,0.0,0.0,0.04
SRPL-RE,BROAD,not_in_nse_index,0.0,0.0,0.0
SRTL,BROAD,not_in_nse_index,0.1,0.1,1.0
SRTRANSFIN,BROAD,not_in_nse_index,0.0,0.0,0.0
SSDL,BROAD,not_in_nse_index,0.9,0.37,1.0
SSRETAIL,BROAD,not_in_nse_index,259.1,29.36,0.11
SSWL,BROAD,not_in_nse_index,57.5,16.65,1.0
STALL-RE,BROAD,not_in_nse_index,0.0,0.0,0.0
STALLION,BROAD,not_in_nse_index,21.0,11.01,1.0
STAMPEDE,BROAD,not_in_nse_index,0.0,0.0,0.0
STANLEY,BROAD,not_in_nse_index,1.5,0.79,1.0
STAR,BROAD,not_in_nse_index,47.1,16.08,1.0
STARCEMENT,BROAD,not_in_nse_index,5.1,2.98,1.0
STARPAPER,BROAD,not_in_nse_index,0.3,0.19,1.0
STARTECK,BROAD,not_in_nse_index,0.2,0.02,1.0
STCINDIA,BROAD,not_in_nse_index,0.4,0.19,1.0
STEAMHOUSE,BROAD,not_in_nse_index,40.1,12.97,0.2
STEELCAS,BROAD,not_in_nse_index,6.3,2.74,1.0
STEELCITY,BROAD,not_in_nse_index,0.3,0.11,1.0
STEELXIND,BROAD,not_in_nse_index,7.3,2.26,1.0
STEL,BROAD,not_in_nse_index,0.3,0.2,1.0
STERTOOLS,BROAD,not_in_nse_index,0.5,0.52,1.0
STINDIA,BROAD,not_in_nse_index,0.0,0.0,0.0
STLNETWORK,BROAD,not_in_nse_index,17.7,8.9,1.0
STLSTRINF,BROAD,not_in_nse_index,0.0,0.01,0.64
STLTECH,BROAD,not_in_nse_index,134.4,134.41,1.0
STOVEKRAFT,BROAD,not_in_nse_index,19.4,6.84,1.0
STUDDS,BROAD,not_in_nse_index,3.0,1.37,1.0
STYL,BROAD,not_in_nse_index,5.8,2.58,1.0
STYLAMIND,BROAD,not_in_nse_index,15.5,7.43,1.0
STYLEBAAZA,BROAD,not_in_nse_index,51.9,31.51,1.0
STYRENIX,BROAD,not_in_nse_index,13.4,6.7,1.0
SUBCAPCITY,BROAD,not_in_nse_index,0.0,0.0,0.0
SUBEXLTD,BROAD,not_in_nse_index,19.7,6.27,1.0
SUBROS,BROAD,not_in_nse_index,3.6,1.59,1.0
SUDARCOLOR,BROAD,not_in_nse_index,0.5,0.27,1.0
SUDARSCHEM,BROAD,not_in_nse_index,51.4,24.84,1.0
SUDEEPPHRM,BROAD,not_in_nse_index,34.8,15.48,1.0
SUJANAUNI,BROAD,not_in_nse_index,0.0,0.0,0.0
SUKHJITS,BROAD,not_in_nse_index,0.4,0.25,1.0
SULA,BROAD,not_in_nse_index,8.1,3.03,1.0
SUMEDHA,BROAD,not_in_nse_index,0.0,0.01,0.69
SUMEET-RE,BROAD,not_in_nse_index,0.0,0.0,0.0
SUMEETINDS,BROAD,not_in_nse_index,5.6,3.54,1.0
SUMIT,BROAD,not_in_nse_index,0.2,0.11,1.0
SUMMITSEC,BROAD,not_in_nse_index,0.6,0.35,1.0
SUNCLAY,BROAD,not_in_nse_index,1.2,0.58,1.0
SUNCLAYLTD,BROAD,not_in_nse_index,0.0,0.0,0.0
SUNDARAM,BROAD,not_in_nse_index,0.1,0.06,1.0
SUNDARMHLD,BROAD,not_in_nse_index,0.0,0.0,0.0
SUNDRMBRAK,BROAD,not_in_nse_index,0.1,0.14,1.0
SUNDRMFAST,BROAD,not_in_nse_index,29.5,14.26,1.0
SUNDROP,BROAD,not_in_nse_index,2.3,1.22,1.0
SUNFLAG,BROAD,not_in_nse_index,16.9,6.77,1.0
SUNLOC,BROAD,not_in_nse_index,0.0,0.0,0.62
SUNRAKSHAK,BROAD,not_in_nse_index,0.2,0.16,0.69
SUNSHIEL,BROAD,not_in_nse_index,0.2,0.16,0.69
SUNSHINE,BROAD,not_in_nse_index,79.0,19.35,0.56
SUNTECK,BROAD,not_in_nse_index,4.4,2.31,1.0
SUPERHOUSE,BROAD,not_in_nse_index,0.1,0.08,1.0
SUPERSPIN,BROAD,not_in_nse_index,0.0,0.02,1.0
SUPPETRO,BROAD,not_in_nse_index,0.0,0.0,0.0
SUPRAJIT,BROAD,not_in_nse_index,6.3,3.15,1.0
SUPREME,BROAD,not_in_nse_index,0.1,0.08,1.0
SUPREMEENG,BROAD,not_in_nse_index,0.1,0.13,1.0
SUPREMEINF,BROAD,not_in_nse_index,0.8,0.3,1.0
SUPRIYA,BROAD,not_in_nse_index,30.7,11.95,1.0
SUPTANERY,BROAD,not_in_nse_index,0.2,0.16,0.69
SURAJEST,BROAD,not_in_nse_index,4.5,2.35,1.0
SURAJLTD,BROAD,not_in_nse_index,0.0,0.03,1.0
SURAKSHA,BROAD,not_in_nse_index,6.6,2.59,1.0
SURANASOL,BROAD,not_in_nse_index,0.1,0.08,1.0
SURANAT&P,BROAD,not_in_nse_index,0.1,0.07,1.0
SURYALA,BROAD,not_in_nse_index,0.1,0.06,1.0
SURYALAXMI,BROAD,not_in_nse_index,0.0,0.03,1.0
SURYAROSNI,BROAD,not_in_nse_index,14.1,6.83,1.0
SURYODAY,BROAD,not_in_nse_index,10.5,3.84,1.0
SUTLEJTEX,BROAD,not_in_nse_index,0.1,0.13,1.0
SUULD,BROAD,not_in_nse_index,0.0,0.0,0.0
SUVEN,BROAD,not_in_nse_index,25.6,9.7,1.0
SUVEN-RE,BROAD,not_in_nse_index,0.0,0.0,0.0
SUVENPHAR,BROAD,not_in_nse_index,0.0,0.0,0.0
SUVIDHAA,BROAD,not_in_nse_index,0.0,0.03,1.0
SUYOG,BROAD,not_in_nse_index,2.0,1.06,1.0
SUZLON-RE,BROAD,not_in_nse_index,0.0,0.0,0.0
SVGLOBAL,BROAD,not_in_nse_index,0.2,0.05,0.69
SVLL,BROAD,not_in_nse_index,0.3,0.34,1.0
SVPGLOB,BROAD,not_in_nse_index,0.0,0.01,1.0
SWANDEF,BROAD,not_in_nse_index,5.8,5.82,1.0
SWANENERGY,BROAD,not_in_nse_index,0.0,0.0,0.0
SWARAJ,BROAD,not_in_nse_index,4.3,3.18,0.73
SWARAJENG,BROAD,not_in_nse_index,2.6,1.56,1.0
SWARNSAR,BROAD,not_in_nse_index,0.1,0.05,0.69
SWELECTES,BROAD,not_in_nse_index,1.7,0.97,1.0
SWISSMLTRY,BROAD,not_in_nse_index,0.2,0.13,0.69
SWSOLAR,BROAD,not_in_nse_index,17.1,6.95,1.0
SYMBIOTEC,BROAD,not_in_nse_index,162.0,44.89,0.44
SYMPHONY,BROAD,not_in_nse_index,11.9,2.87,1.0
SYNCOM,BROAD,not_in_nse_index,0.0,0.0,0.0
SYNCOMF,BROAD,not_in_nse_index,35.5,7.62,1.0
SYSTMTXC,BROAD,not_in_nse_index,0.1,0.08,1.0
TAALTECH,BROAD,not_in_nse_index,5.9,2.77,1.0
TAINWALCHM,BROAD,not_in_nse_index,0.1,0.08,1.0
TAJGVK,BROAD,not_in_nse_index,3.0,1.37,1.0
TAKE,BROAD,not_in_nse_index,1.3,1.12,1.0
TALBROAUTO,BROAD,not_in_nse_index,12.6,4.65,1.0
TALWALKARS,BROAD,not_in_nse_index,0.0,0.0,0.0
TALWGYM,BROAD,not_in_nse_index,0.0,0.0,0.0
TAMBOLIIN,BROAD,not_in_nse_index,0.3,0.32,1.0
TANAA,BROAD,not_in_nse_index,1.5,0.55,0.69
TANLA,BROAD,not_in_nse_index,34.5,13.48,1.0
TANTIACONS,BROAD,not_in_nse_index,0.0,0.0,0.0
TARACHAND,BROAD,not_in_nse_index,0.6,0.34,1.0
TARAPUR,BROAD,not_in_nse_index,0.1,0.05,1.0
TARC,BROAD,not_in_nse_index,7.1,3.85,1.0
TARMAT,BROAD,not_in_nse_index,0.4,0.21,1.0
TARSONS,BROAD,not_in_nse_index,20.0,2.8,1.0
TASTYBITE,BROAD,not_in_nse_index,9.7,2.53,1.0
TATACOFFEE,BROAD,not_in_nse_index,0.0,0.0,0.0
TATACON-RE,BROAD,not_in_nse_index,0.0,0.0,0.0
TATAGOLD,BROAD,not_in_nse_index,71.5,29.25,1.0
TATAMETALI,BROAD,not_in_nse_index,0.0,0.0,0.0
TATAMOTORS,BROAD,not_in_nse_index,0.0,0.0,0.0
TATAMTRDVR,BROAD,not_in_nse_index,0.0,0.0,0.0
TATASTLBSL,BROAD,not_in_nse_index,0.0,0.0,0.0
TATASTLLP,BROAD,not_in_nse_index,0.0,0.0,0.0
TATSILV,BROAD,not_in_nse_index,99.9,39.86,1.0
TATVA,BROAD,not_in_nse_index,12.1,5.07,1.0
TBZ,BROAD,not_in_nse_index,100.5,28.17,1.0
TCC,BROAD,not_in_nse_index,19.8,2.12,1.0
TCI,BROAD,not_in_nse_index,15.6,2.29,1.0
TCIDEVELOP,BROAD,not_in_nse_index,0.0,0.0,0.0
TCIEXP,BROAD,not_in_nse_index,10.9,1.5,1.0
TCIFINANCE,BROAD,not_in_nse_index,0.0,0.02,1.0
TCLCONS,BROAD,not_in_nse_index,0.0,0.0,0.0
TCNSBRANDS,BROAD,not_in_nse_index,0.0,0.0,0.0
TCPLPACK,BROAD,not_in_nse_index,9.4,2.24,1.0
TDPOWERSYS,BROAD,not_in_nse_index,217.6,90.46,1.0
TEAMGTY,BROAD,not_in_nse_index,0.1,0.08,1.0
TEAMLEASE,BROAD,not_in_nse_index,2.9,1.75,1.0
TECH,BROAD,not_in_nse_index,0.6,0.52,1.0
TECHIN,BROAD,not_in_nse_index,0.0,0.0,0.0
TECHNOCRAF,BROAD,not_in_nse_index,68.3,18.48,0.71
TECHNOFAB,BROAD,not_in_nse_index,0.0,0.0,0.0
TECHNVISN,BROAD,not_in_nse_index,0.3,0.2,1.0
TECILCHEM,BROAD,not_in_nse_index,0.0,0.02,1.0
TEMBO,BROAD,not_in_nse_index,14.5,4.57,1.0
TEMBO-RE,BROAD,not_in_nse_index,0.0,0.0,0.0
TEMPSENS,BROAD,not_in_nse_index,168.8,36.61,0.49
TERAI,BROAD,not_in_nse_index,0.0,0.0,0.58
TERASOFT,BROAD,not_in_nse_index,0.9,0.49,1.0
TEXINFRA,BROAD,not_in_nse_index,2.8,1.51,1.0
TEXMOPIPES,BROAD,not_in_nse_index,1.2,0.55,1.0
TEXRAIL,BROAD,not_in_nse_index,27.2,10.68,1.0
TFCILTD,BROAD,not_in_nse_index,186.3,73.4,1.0
TFL,BROAD,not_in_nse_index,0.0,0.01,1.0
TFL-RE,BROAD,not_in_nse_index,0.0,0.0,0.0
TGBHOTELS,BROAD,not_in_nse_index,0.0,0.03,1.0
TGVSL,BROAD,not_in_nse_index,4.7,1.17,0.69
THACKER,BROAD,not_in_nse_index,0.0,0.0,0.87
THAKDEV,BROAD,not_in_nse_index,0.0,0.0,0.89
THANG-RE,BROAD,not_in_nse_index,0.0,0.0,0.0
THANGAMAYL,BROAD,not_in_nse_index,97.4,42.88,1.0
THEINVEST,BROAD,not_in_nse_index,0.1,0.04,1.0
THEJO,BROAD,not_in_nse_index,2.2,1.25,1.0
THEMISMED,BROAD,not_in_nse_index,3.5,0.92,1.0
THIRUSUGAR,BROAD,not_in_nse_index,0.0,0.0,0.0
THOMASCOOK,BROAD,not_in_nse_index,19.7,5.51,1.0
THOMASCOTT,BROAD,not_in_nse_index,2.9,1.01,1.0
THYROCARE,BROAD,not_in_nse_index,31.5,15.94,1.0
TI,BROAD,not_in_nse_index,60.7,30.43,1.0
TICL,BROAD,not_in_nse_index,0.3,0.26,1.0
TIDEWATER,BROAD,not_in_nse_index,0.0,0.0,0.0
TIGERLOGS,BROAD,not_in_nse_index,0.6,0.44,1.0
TIIL,BROAD,not_in_nse_index,17.6,6.08,1.0
TIJARIA,BROAD,not_in_nse_index,0.1,0.08,1.0
TIL,BROAD,not_in_nse_index,32.9,6.63,1.0
TIL-RE,BROAD,not_in_nse_index,0.0,0.0,0.0
TIL-RE1,BROAD,not_in_nse_index,0.0,0.0,0.0
TIMESGTY,BROAD,not_in_nse_index,0.0,0.0,0.0
TIMETECHNO,BROAD,not_in_nse_index,59.9,16.87,1.0
TIMEX,BROAD,not_in_nse_index,34.7,11.36,1.0
TINNARUBR,BROAD,not_in_nse_index,6.0,2.58,1.0
TINPLATE,BROAD,not_in_nse_index,0.0,0.0,0.0
TIPSFILMS,BROAD,not_in_nse_index,0.5,0.18,1.0
TIPSINDLTD,BROAD,not_in_nse_index,0.0,0.0,0.0
TIPSMUSIC,BROAD,not_in_nse_index,15.5,7.62,1.0
TIRUMALCHM,BROAD,not_in_nse_index,9.9,4.68,1.0
TIRUPATIFL,BROAD,not_in_nse_index,1.9,1.87,1.0
TMB,BROAD,not_in_nse_index,20.6,8.07,1.0
TMRVL,BROAD,not_in_nse_index,0.0,0.0,0.0
TNIDETF,BROAD,not_in_nse_index,1.0,0.77,1.0
TNPETRO,BROAD,not_in_nse_index,26.0,5.62,1.0
TNPL,BROAD,not_in_nse_index,5.0,2.2,1.0
TNTELE,BROAD,not_in_nse_index,0.0,0.03,1.0
TOKYOPLAST,BROAD,not_in_nse_index,0.0,0.01,1.0
TOLINS,BROAD,not_in_nse_index,0.4,0.24,1.0
TOP100CASE,BROAD,not_in_nse_index,0.8,0.64,1.0
TOP10ADD,BROAD,not_in_nse_index,2.2,1.61,1.0
TOP15IETF,BROAD,not_in_nse_index,0.1,0.1,1.0
TOP20,BROAD,not_in_nse_index,0.1,0.07,1.0
TOTAL,BROAD,not_in_nse_index,0.2,0.11,1.0
TOUCHWOOD,BROAD,not_in_nse_index,0.0,0.01,0.98
TOYAMSL,BROAD,not_in_nse_index,0.1,0.03,0.69
TPHQ,BROAD,not_in_nse_index,0.2,0.1,1.0
TPLPLASTEH,BROAD,not_in_nse_index,1.0,0.33,1.0
TRACXN,BROAD,not_in_nse_index,0.5,0.39,1.0
TRAIL-RE,BROAD,not_in_nse_index,0.0,0.0,0.0
TRANSCOR,BROAD,not_in_nse_index,0.0,0.0,0.69
TRANSPEK,BROAD,not_in_nse_index,1.9,0.81,1.0
TRANSRAILL,BROAD,not_in_nse_index,54.0,12.08,1.0
TRANSWORLD,BROAD,not_in_nse_index,0.1,0.13,1.0
TREEHOUSE,BROAD,not_in_nse_index,0.0,0.01,1.0
TREJHARA,BROAD,not_in_nse_index,0.5,0.3,1.0
TREL,BROAD,not_in_nse_index,0.5,0.29,1.0
TRF,BROAD,not_in_nse_index,0.4,0.21,1.0
TRIGYN,BROAD,not_in_nse_index,0.3,0.15,1.0
TRIL,BROAD,not_in_nse_index,0.0,0.0,0.0
TRITONV,BROAD,not_in_nse_index,0.2,0.15,0.69
TRIVENI,BROAD,not_in_nse_index,28.1,12.68,1.0
TRU,BROAD,not_in_nse_index,0.1,0.04,1.0
TRUALT,BROAD,not_in_nse_index,15.1,7.27,1.0
TSFINV,BROAD,not_in_nse_index,3.4,1.9,1.0
TTKHLTCARE,BROAD,not_in_nse_index,4.8,2.34,1.0
TTKPRESTIG,BROAD,not_in_nse_index,26.2,3.64,1.0
TTL,BROAD,not_in_nse_index,0.2,0.15,1.0
TTL-RE,BROAD,not_in_nse_index,0.0,0.0,0.0
TURTLEMINT,BROAD,not_in_nse_index,28.4,8.12,1.0
TUTIALKA,BROAD,not_in_nse_index,0.0,0.04,0.69
TV18BRDCST,BROAD,not_in_nse_index,0.0,0.0,0.0
TVSELECT,BROAD,not_in_nse_index,1.8,0.78,1.0
TVSHLTD,BROAD,not_in_nse_index,8.9,4.97,1.0
TVSSCS,BROAD,not_in_nse_index,24.1,4.62,1.0
TVSSRICHAK,BROAD,not_in_nse_index,22.0,3.71,1.0
TVTODAY,BROAD,not_in_nse_index,0.4,0.26,1.0
TVVISION,BROAD,not_in_nse_index,0.0,0.02,1.0
TWCGOLDETF,BROAD,not_in_nse_index,0.2,0.18,1.0
TWL,BROAD,not_in_nse_index,0.0,0.0,0.0
UCAL,BROAD,not_in_nse_index,0.6,0.34,1.0
UCALFUEL,BROAD,not_in_nse_index,0.0,0.0,0.0
UDAICEMENT,BROAD,not_in_nse_index,0.0,0.0,0.0
UDAYJEW,BROAD,not_in_nse_index,0.8,0.23,0.69
UDS,BROAD,not_in_nse_index,7.4,3.66,1.0
UEL,BROAD,not_in_nse_index,0.7,0.38,1.0
UFBL,BROAD,not_in_nse_index,6.9,5.25,1.0
UFLEX,BROAD,not_in_nse_index,28.4,7.06,1.0
UFO,BROAD,not_in_nse_index,0.2,0.15,1.0
UGARSUGAR,BROAD,not_in_nse_index,8.0,2.07,1.0
UGRO-RE,BROAD,not_in_nse_index,0.0,0.0,0.0
UGROCAP,BROAD,not_in_nse_index,3.3,1.41,1.0
UJAAS,BROAD,not_in_nse_index,0.0,0.0,0.0
UJJIVAN,BROAD,not_in_nse_index,0.0,0.0,0.0
UJJIVANSFB,BROAD,not_in_nse_index,94.8,47.22,1.0
ULTRAMAR,BROAD,not_in_nse_index,4.6,1.88,1.0
UMAEXPORTS,BROAD,not_in_nse_index,0.1,0.06,1.0
UMANGDAIRY,BROAD,not_in_nse_index,0.0,0.0,0.0
UMESLTD,BROAD,not_in_nse_index,0.0,0.02,1.0
UMIYA-MRO,BROAD,not_in_nse_index,0.2,0.13,1.0
UNICHEMLAB,BROAD,not_in_nse_index,16.8,3.12,1.0
UNIDT,BROAD,not_in_nse_index,0.9,0.59,1.0
UNIECOM,BROAD,not_in_nse_index,5.8,1.57,1.0
UNIENTER,BROAD,not_in_nse_index,0.0,0.04,1.0
UNIINFO,BROAD,not_in_nse_index,0.0,0.0,1.0
UNIMECH,BROAD,not_in_nse_index,43.6,17.65,1.0
UNIONGOLD,BROAD,not_in_nse_index,0.2,0.21,1.0
UNIPARTS,BROAD,not_in_nse_index,16.7,7.33,1.0
UNIPLY,BROAD,not_in_nse_index,0.0,0.0,0.0
UNITECH,BROAD,not_in_nse_index,2.1,1.31,1.0
UNITEDPOLY,BROAD,not_in_nse_index,0.7,0.46,1.0
UNITEDTEA,BROAD,not_in_nse_index,0.1,0.1,1.0
UNITY,BROAD,not_in_nse_index,0.0,0.0,0.0
UNIVAFOODS,BROAD,not_in_nse_index,0.0,0.0,0.2
UNIVASTU,BROAD,not_in_nse_index,2.0,1.98,1.0
UNIVCABLES,BROAD,not_in_nse_index,30.9,12.63,1.0
UNIVPHOTO,BROAD,not_in_nse_index,0.1,0.13,1.0
UPHOT,BROAD,not_in_nse_index,0.0,0.01,0.53
UPL-RE,BROAD,not_in_nse_index,0.0,0.0,0.0
URAVI,BROAD,not_in_nse_index,0.0,0.0,0.0
URAVIDEF,BROAD,not_in_nse_index,0.1,0.05,1.0
URJA,BROAD,not_in_nse_index,0.7,0.4,1.0
URJA-RE,BROAD,not_in_nse_index,0.0,0.0,0.0
USK,BROAD,not_in_nse_index,0.0,0.03,1.0
UTIBANKETF,BROAD,not_in_nse_index,0.0,0.0,0.0
UTINEXT50,BROAD,not_in_nse_index,0.0,0.0,0.0
UTINIFTETF,BROAD,not_in_nse_index,0.0,0.0,0.0
UTISENSETF,BROAD,not_in_nse_index,0.0,0.0,0.0
UTISXN50,BROAD,not_in_nse_index,0.0,0.0,0.0
UTKAR-RE,BROAD,not_in_nse_index,0.0,0.0,0.0
UTKARSHBNK,BROAD,not_in_nse_index,15.1,5.88,1.0
UTLSOLAR,BROAD,not_in_nse_index,15.6,7.13,1.0
UTTAMSTL,BROAD,not_in_nse_index,0.0,0.0,0.0
UTTAMSUGAR,BROAD,not_in_nse_index,13.1,3.19,1.0
UYFINCORP,BROAD,not_in_nse_index,0.6,0.37,1.0
V2RETAIL,BROAD,not_in_nse_index,20.9,10.69,1.0
VADILALIND,BROAD,not_in_nse_index,21.8,8.01,1.0
VADILENT,BROAD,not_in_nse_index,0.0,0.03,0.64
VAIBHAVGBL,BROAD,not_in_nse_index,8.2,3.74,1.0
VAISHALI,BROAD,not_in_nse_index,0.1,0.1,1.0
VAKRANGEE,BROAD,not_in_nse_index,0.6,0.32,1.0
VAL30IETF,BROAD,not_in_nse_index,0.3,0.23,1.0
VALIANT-RE,BROAD,not_in_nse_index,0.0,0.0,0.0
VALIANTLAB,BROAD,not_in_nse_index,1.5,1.23,1.0
VALIANTORG,BROAD,not_in_nse_index,2.0,1.88,1.0
VALUE,BROAD,not_in_nse_index,0.1,0.06,1.0
VALUEAXIS,BROAD,not_in_nse_index,0.3,0.17,1.0
VAML,BROAD,not_in_nse_index,392.8,237.64,1.0
VARDHACRLC,BROAD,not_in_nse_index,0.2,0.18,1.0
VARDM-RE,BROAD,not_in_nse_index,0.0,0.0,0.0
VARDMNPOLY,BROAD,not_in_nse_index,0.1,0.1,1.0
VARMORA,BROAD,not_in_nse_index,17.7,6.45,0.02
VARROC,BROAD,not_in_nse_index,59.2,13.11,1.0
VASCONEQ,BROAD,not_in_nse_index,2.0,0.99,1.0
VASUPRADA,BROAD,not_in_nse_index,0.0,0.0,0.47
VASWANI,BROAD,not_in_nse_index,0.2,0.09,1.0
VCL,BROAD,not_in_nse_index,0.2,0.16,1.0
VCL-RE,BROAD,not_in_nse_index,0.0,0.0,0.0
VECO-RE,BROAD,not_in_nse_index,0.0,0.0,0.0
VECO-RE1,BROAD,not_in_nse_index,0.0,0.0,0.0
VEDAVAAG,BROAD,not_in_nse_index,0.1,0.09,0.69
VEDPOWER,BROAD,not_in_nse_index,61.6,27.97,1.0
VEEDOL,BROAD,not_in_nse_index,1.9,1.06,1.0
VEEGALAND,BROAD,not_in_nse_index,3.0,2.99,0.18
VELJAN,BROAD,not_in_nse_index,0.1,0.13,1.0
VENKEYS,BROAD,not_in_nse_index,17.7,5.56,1.0
VENTIVE,BROAD,not_in_nse_index,1.7,1.15,1.0
VENUSPIPES,BROAD,not_in_nse_index,43.0,16.09,1.0
VENUSREM,BROAD,not_in_nse_index,5.8,5.4,1.0
VERANDA,BROAD,not_in_nse_index,17.8,5.72,1.0
VERTOZ,BROAD,not_in_nse_index,0.2,0.15,1.0
VESUVIUS,BROAD,not_in_nse_index,5.5,2.16,1.0
VETO,BROAD,not_in_nse_index,0.8,0.61,1.0
VGCL,BROAD,not_in_nse_index,0.0,0.02,0.69
VGL,BROAD,not_in_nse_index,0.9,0.35,1.0
VGUARD,BROAD,not_in_nse_index,53.7,19.31,1.0
VHL,BROAD,not_in_nse_index,0.3,0.17,1.0
VHLTD,BROAD,not_in_nse_index,0.6,0.6,1.0
VHLTD-RE,BROAD,not_in_nse_index,0.0,0.0,0.0
VHLTD-RE1,BROAD,not_in_nse_index,0.0,0.0,0.07
VICEROY,BROAD,not_in_nse_index,0.0,0.0,0.0
VIDEOIND,BROAD,not_in_nse_index,0.0,0.0,0.0
VIDHIING,BROAD,not_in_nse_index,1.9,1.2,1.0
VIDYAWIRES,BROAD,not_in_nse_index,8.8,4.8,1.0
VIJIFI-RE,BROAD,not_in_nse_index,0.0,0.0,0.0
VIJIFIN,BROAD,not_in_nse_index,0.4,0.41,1.0
VIJSOLX,BROAD,not_in_nse_index,0.0,0.02,0.67
VIKASECO,BROAD,not_in_nse_index,0.2,0.12,1.0
VIKASLIFE,BROAD,not_in_nse_index,0.3,0.16,1.0
VIKASMCORP,BROAD,not_in_nse_index,0.0,0.0,0.0
VIKASPROP,BROAD,not_in_nse_index,0.0,0.0,0.0
VIKASWSP,BROAD,not_in_nse_index,0.0,0.0,0.0
VIKRAMSOLR,BROAD,not_in_nse_index,72.4,20.02,1.0
VIKRAN,BROAD,not_in_nse_index,13.8,4.02,1.0
VIMTALABS,BROAD,not_in_nse_index,15.4,5.18,1.0
VINATIORGA,BROAD,not_in_nse_index,7.9,4.67,1.0
VINCOFE,BROAD,not_in_nse_index,47.3,17.43,1.0
VINDHYATEL,BROAD,not_in_nse_index,25.1,8.95,1.0
VINEET-RE,BROAD,not_in_nse_index,0.0,0.0,0.0
VINEETLAB,BROAD,not_in_nse_index,0.4,0.29,1.0
VINNY,BROAD,not_in_nse_index,0.0,0.02,1.0
VINNY-RE,BROAD,not_in_nse_index,0.0,0.0,0.0
VINYLINDIA,BROAD,not_in_nse_index,0.2,0.12,1.0
VIPCLOTHNG,BROAD,not_in_nse_index,0.1,0.1,1.0
VIPIND,BROAD,not_in_nse_index,10.2,5.46,1.0
VIPULLTD,BROAD,not_in_nse_index,0.2,0.24,1.0
VIRAT,BROAD,not_in_nse_index,0.4,0.21,0.69
VIRINCHI,BROAD,not_in_nse_index,0.1,0.07,1.0
VIRTUALG,BROAD,not_in_nse_index,0.0,0.01,0.69
VISACHROME,BROAD,not_in_nse_index,0.6,0.54,1.0
VISAKAIND,BROAD,not_in_nse_index,6.9,2.17,1.0
VISASTEEL,BROAD,not_in_nse_index,0.0,0.0,0.0
VISESHINFO,BROAD,not_in_nse_index,0.0,0.0,0.0
VISHAL,BROAD,not_in_nse_index,0.2,0.15,0.69
VISHNU,BROAD,not_in_nse_index,8.9,4.43,1.0
VISHWARAJ,BROAD,not_in_nse_index,0.4,0.25,1.0
VISL,BROAD,not_in_nse_index,106.9,47.52,1.0
VITAL,BROAD,not_in_nse_index,0.0,0.05,1.0
VIVIANA,BROAD,not_in_nse_index,1.5,1.23,1.0
VIVIDHA,BROAD,not_in_nse_index,0.0,0.01,1.0
VIVIMEDLAB,BROAD,not_in_nse_index,0.0,0.04,1.0
VIVOBIOT,BROAD,not_in_nse_index,0.0,0.02,0.69
VIYASH,BROAD,not_in_nse_index,149.1,73.74,1.0
VLEGOV,BROAD,not_in_nse_index,0.1,0.06,1.0
VLIFE-RE,BROAD,not_in_nse_index,0.0,0.0,0.0
VLIFE-RE1,BROAD,not_in_nse_index,0.0,0.0,0.0
VLSFINANCE,BROAD,not_in_nse_index,0.3,0.17,1.0
VMART,BROAD,not_in_nse_index,8.4,3.64,1.0
VMSTMT,BROAD,not_in_nse_index,0.4,0.19,1.0
VOEPL,BROAD,not_in_nse_index,8.1,2.51,1.0
VOGL,BROAD,not_in_nse_index,172.3,59.11,1.0
VOITHPAPR,BROAD,not_in_nse_index,0.0,0.04,0.69
VOLTAMP,BROAD,not_in_nse_index,49.4,19.58,1.0
VPRPL,BROAD,not_in_nse_index,2.8,1.21,1.0
VRAJ,BROAD,not_in_nse_index,0.2,0.15,1.0
VRLLOG,BROAD,not_in_nse_index,10.6,4.95,1.0
VSSL,BROAD,not_in_nse_index,14.7,3.76,1.0
VSTIND,BROAD,not_in_nse_index,3.5,1.87,1.0
VSTL,BROAD,not_in_nse_index,0.1,0.11,1.0
VSTTILLERS,BROAD,not_in_nse_index,4.7,2.36,1.0
VTMLTD,BROAD,not_in_nse_index,0.3,0.17,0.69
WAAREEINDO,BROAD,not_in_nse_index,3.4,1.82,1.0
WAAREERTL,BROAD,not_in_nse_index,10.2,4.62,1.0
WABAG,BROAD,not_in_nse_index,136.1,53.21,1.0
WABCOINDIA,BROAD,not_in_nse_index,0.0,0.0,0.0
WAKEFIT,BROAD,not_in_nse_index,16.8,4.93,1.0
WALCHANNAG,BROAD,not_in_nse_index,13.9,5.99,1.0
WANBURY,BROAD,not_in_nse_index,7.4,3.34,1.0
WARDINMOBI,BROAD,not_in_nse_index,0.1,0.09,0.69
WATERBASE,BROAD,not_in_nse_index,0.1,0.06,0.69
WCIL,BROAD,not_in_nse_index,1.1,0.51,1.0
WEALTH,BROAD,not_in_nse_index,0.3,0.29,1.0
WEBELSOLAR,BROAD,not_in_nse_index,16.9,9.15,1.0
WEIZMANIND,BROAD,not_in_nse_index,0.0,0.01,1.0
WEL,BROAD,not_in_nse_index,65.7,9.89,1.0
WELENT,BROAD,not_in_nse_index,53.5,26.29,1.0
WELINV,BROAD,not_in_nse_index,0.7,0.66,0.98
WELSPLSOL,BROAD,not_in_nse_index,4.9,1.92,1.0
WELSPUNIND,BROAD,not_in_nse_index,0.0,0.0,0.0
WENDT,BROAD,not_in_nse_index,9.6,3.96,1.0
WESTLIFE,BROAD,not_in_nse_index,18.6,9.77,1.0
WEWIN,BROAD,not_in_nse_index,0.0,0.01,1.0
WEWORK,BROAD,not_in_nse_index,17.5,9.59,1.0
WFL,BROAD,not_in_nse_index,0.0,0.0,0.0
WHBRADY,BROAD,not_in_nse_index,0.0,0.0,0.6
WHEELS,BROAD,not_in_nse_index,96.5,19.3,1.0
WILLAMAGOR,BROAD,not_in_nse_index,0.0,0.01,1.0
WIMPLAST,BROAD,not_in_nse_index,0.0,0.0,0.0
WINDLAS,BROAD,not_in_nse_index,19.1,5.83,1.0
WINDMACHIN,BROAD,not_in_nse_index,5.0,2.48,1.0
WINPRO,BROAD,not_in_nse_index,0.0,0.0,0.0
WINSOME,BROAD,not_in_nse_index,0.0,0.0,0.07
WIPL,BROAD,not_in_nse_index,0.0,0.02,1.0
WOCKH-RE,BROAD,not_in_nse_index,0.0,0.0,0.0
WONDERLA,BROAD,not_in_nse_index,7.0,3.87,1.0
WORTH,BROAD,not_in_nse_index,0.0,0.0,0.0
WORTHPERI,BROAD,not_in_nse_index,0.3,0.16,1.0
WPIL,BROAD,not_in_nse_index,2.3,1.07,1.0
WSI,BROAD,not_in_nse_index,0.4,0.18,1.0
WSTCSTPAPR,BROAD,not_in_nse_index,19.8,8.75,1.0
XCHANGING,BROAD,not_in_nse_index,0.7,0.38,1.0
XELPMOC,BROAD,not_in_nse_index,0.2,0.1,1.0
XPROINDIA,BROAD,not_in_nse_index,15.9,6.93,1.0
XTGLOBAL,BROAD,not_in_nse_index,0.3,0.16,1.0
XTRANET,BROAD,not_in_nse_index,50.7,12.51,0.96
YAARI,BROAD,not_in_nse_index,0.0,0.0,0.0
YAARII,BROAD,not_in_nse_index,0.0,0.0,0.0
YASHO,BROAD,not_in_nse_index,29.7,9.62,1.0
YATHARTH,BROAD,not_in_nse_index,62.8,20.17,1.0
YATRA,BROAD,not_in_nse_index,20.3,7.42,1.0
YOGI,BROAD,not_in_nse_index,0.0,0.01,0.67
YUKEN,BROAD,not_in_nse_index,2.3,1.28,1.0
ZAGGLE,BROAD,not_in_nse_index,59.4,14.01,1.0
ZEELEARN,BROAD,not_in_nse_index,0.2,0.21,1.0
ZEEMEDIA,BROAD,not_in_nse_index,3.7,1.65,1.0
ZENITHEXPO,BROAD,not_in_nse_index,0.0,0.01,0.96
ZENITHSTL,BROAD,not_in_nse_index,0.1,0.04,1.0
ZFSTEERING,BROAD,not_in_nse_index,0.6,0.32,1.0
ZICOM,BROAD,not_in_nse_index,0.0,0.0,0.0
ZIMLAB,BROAD,not_in_nse_index,1.3,0.76,1.0
ZODIAC,BROAD,not_in_nse_index,0.4,0.23,1.0
ZODIACLOTH,BROAD,not_in_nse_index,0.0,0.02,1.0
ZODJRDMKJ,BROAD,not_in_nse_index,0.0,0.0,0.0
ZOMATO,BROAD,not_in_nse_index,0.0,0.0,0.0
ZOTA,BROAD,not_in_nse_index,12.7,6.03,1.0
ZSARACOM,BROAD,not_in_nse_index,0.2,0.05,0.98
ZUARI,BROAD,not_in_nse_index,2.7,1.14,1.0
ZUARIGLOB,BROAD,not_in_nse_index,0.0,0.0,0.0
ZUARIIND,BROAD,not_in_nse_index,2.2,1.13,1.0
